permit_identifier,collection_system_identifier,collection_system_name,collection_system_owner_type_desc,collection_system_population,year,sso_event_count,sso_total_volume_gal,sso_first_event,sso_last_event
AK0021440,,,,,2025.0,1,200000.0,2025-12-23 03:00:00,2025-12-23 11:00:00
AK0021440,,,,,2026.0,1,252000.0,2026-01-09 00:00:00,2026-01-09 12:00:00
AK0022551,001,Anchorage Sanitary Sewer System,Municipality,291826.0,2023.0,13,13547.4,2023-06-05 12:10:00,2023-12-29 15:15:00
AK0022551,001,Anchorage Sanitary Sewer System,Municipality,291826.0,2024.0,17,21074.4,2024-01-18 21:00:00,2024-12-19 21:15:00
AK0022551,001,Anchorage Sanitary Sewer System,Municipality,291826.0,2025.0,3,2370.0,2025-05-11 13:00:00,2025-12-18 13:00:00
AK0022551,001,Anchorage Sanitary Sewer System,Municipality,291826.0,2026.0,11,54680.0,2026-01-30 20:02:00,2026-08-09 20:15:00
AK0053775,001,Denali National Park Sanitary Sewer System,Federal Facility (U.S. Government),999.0,2026.0,1,200.0,2026-08-03 18:30:00,2026-08-03 19:30:00
AZ0020117,,,,,2023.0,3,0.0,2023-01-14 16:00:00,2023-09-13 10:40:00
AZ0020117,,,,,2024.0,3,0.0,2024-02-09 17:00:00,2024-04-10 21:00:00
AZ0020231,,,,,2019.0,1,0.0,2019-12-03 08:00:00,2019-12-03 13:45:00
AZ0020231,,,,,2021.0,1,0.0,2021-08-14 18:00:00,2021-08-17 17:00:00
AZ0020249,,,,,2025.0,5,0.0,2025-01-05 12:00:00,2025-12-02 07:00:00
AZ0020338,,,,,2019.0,1,0.0,2019-12-25 16:30:00,2019-12-25 18:30:00
AZ0020338,,,,,2020.0,1,0.0,2020-09-10 03:30:00,2020-09-10 05:15:00
AZ0020338,,,,,2021.0,2,0.0,2021-03-10 08:42:00,2021-07-12 11:00:00
AZ0020338,,,,,2023.0,1,0.0,2023-04-27 10:00:00,2023-04-27 11:15:00
AZ0020338,,,,,2025.0,1,0.0,2025-02-06 07:45:00,2025-02-06 10:45:00
AZ0020427,,,,,2020.0,1,0.0,2020-03-30 12:28:00,2020-03-30 17:28:00
AZ0020427,,,,,2022.0,1,0.0,2022-04-24 11:45:00,2022-04-24 12:45:00
AZ0020427,,,,,2024.0,1,0.0,2024-04-08 14:30:00,2024-04-08 15:00:00
AZ0020427,,,,,2025.0,2,0.0,2025-01-10 15:30:00,2025-11-13 10:00:00
AZ0020443,,,,,2021.0,1,0.0,2021-05-21 09:25:00,2021-05-21 10:17:00
AZ0020443,,,,,2023.0,5,0.0,2023-01-16 13:45:00,2023-12-13 09:20:00
AZ0020443,,,,,2024.0,8,0.0,2024-01-22 17:38:00,2024-08-02 03:40:00
AZ0020443,,,,,2025.0,1,0.0,2025-01-13 07:58:00,2025-01-13 09:30:00
AZ0020524,001,CITY OF PHOENIX - 91ST AVENUE Collection System,Municipality,1700000.0,2023.0,7,17774.0,2023-09-05 06:30:00,2023-12-31 12:50:00
AZ0020524,001,CITY OF PHOENIX - 91ST AVENUE Collection System,Municipality,1700000.0,2024.0,19,65542.0,2024-01-14 16:51:00,2024-12-22 17:05:00
AZ0020524,001,CITY OF PHOENIX - 91ST AVENUE Collection System,Municipality,1700000.0,2025.0,5,6082.0,2025-02-03 08:00:00,2025-12-09 15:35:00
AZ0020524,001,CITY OF PHOENIX - 91ST AVENUE Collection System,Municipality,1700000.0,2026.0,15,1380020.0,2026-01-13 14:45:00,2026-08-03 06:00:00
AZ0020524,,,,,,1,0.0,,
AZ0020559,,,,,2024.0,2,0.0,2024-08-04 01:00:00,2024-10-19 10:00:00
AZ0021199,,,,,2022.0,1,0.0,2022-10-20 13:00:00,2022-10-20 13:30:00
AZ0022152,,,,,2019.0,1,0.0,2019-11-29 03:15:00,2019-11-30 01:45:00
AZ0022152,,,,,2020.0,1,0.0,2020-11-21 09:00:00,2020-11-21 12:00:00
AZ0022152,,,,,2021.0,4,0.0,2021-03-30 11:30:00,2021-10-07 09:00:00
AZ0022152,,,,,2022.0,7,0.0,2022-04-19 09:00:00,2022-12-10 10:00:00
AZ0022152,,,,,2023.0,5,0.0,2023-02-09 00:00:00,2023-07-23 18:30:00
AZ0022152,,,,,2024.0,5,0.0,2024-03-12 10:30:00,2024-12-17 11:30:00
AZ0022152,,,,,2025.0,3,0.0,2025-05-17 16:00:00,2025-09-19 14:30:00
AZ0022152,,,,,2026.0,6,0.0,2026-05-11 09:59:00,2026-08-05 14:30:00
AZ0022357,,,,,2021.0,2,0.0,2021-03-30 11:15:00,2021-11-07 21:00:00
AZ0022357,,,,,2022.0,1,0.0,2022-10-04 16:55:00,2022-10-04 18:30:00
AZ0022357,,,,,2024.0,1,0.0,2024-01-21 11:30:00,2024-01-21 13:00:00
AZ0023272,,,,,2019.0,1,0.0,2019-11-28 16:00:00,2019-11-28 17:30:00
AZ0023272,,,,,2021.0,1,0.0,2021-01-30 18:00:00,2021-01-31 06:00:00
AZ0023272,,,,,2023.0,3,0.0,2023-02-18 22:30:00,2023-10-19 19:45:00
AZ0023281,,,,,2025.0,1,0.0,2025-01-22 16:40:00,2025-01-22 17:10:00
AZ0023485,,,,,2026.0,1,0.0,2026-07-14 12:15:00,2026-07-14 12:45:00
AZ0023582,,,,,2022.0,1,0.0,2022-07-01 14:30:00,2022-07-01 14:40:00
AZ0023582,,,,,2023.0,2,0.0,2023-01-26 06:00:00,2023-03-04 23:45:00
AZ0023582,,,,,2025.0,2,0.0,2025-11-25 17:00:00,2025-12-02 07:30:00
AZ0023639,,,,,2024.0,1,0.0,2024-02-25 17:00:00,2024-02-28 17:00:00
AZ0023931,,,,,2021.0,4,0.0,2021-01-27 08:06:00,2021-05-31 21:25:00
AZ0023931,,,,,2022.0,1,0.0,2022-03-11 03:15:00,2022-03-11 07:00:00
AZ0023931,,,,,2025.0,3,0.0,2025-05-14 13:00:00,2025-07-30 22:00:00
AZ0024031,,,,,2021.0,1,0.0,2021-03-24 11:46:00,2021-03-24 13:30:00
AZ0024031,,,,,2023.0,1,0.0,2023-06-30 17:00:00,2023-06-30 18:30:00
AZ0024031,,,,,2024.0,2,0.0,2024-10-25 12:00:00,2024-12-16 16:00:00
AZ0024031,,,,,2025.0,2,0.0,2025-06-02 10:15:00,2025-06-12 07:30:00
AZ0024031,,,,,2026.0,1,0.0,2026-03-17 19:54:00,2026-03-18 00:00:00
AZ0024082,,,,,2020.0,1,0.0,2020-02-15 11:30:00,2020-02-15 13:40:00
AZ0024520,,,,,2021.0,3,0.0,2021-05-30 16:00:00,2021-09-01 09:15:00
AZ0024520,,,,,2024.0,1,0.0,2024-09-27 10:30:00,2024-09-27 12:45:00
AZ0024520,,,,,2025.0,1,0.0,2025-01-25 18:30:00,2025-01-25 20:30:00
AZ0024520,,,,,2026.0,1,0.0,2026-04-07 07:30:00,2026-04-07 07:45:00
AZ0024716,,,,,2020.0,3,0.0,2020-05-07 10:00:00,2020-07-10 19:00:00
AZ0024716,,,,,2021.0,4,0.0,2021-01-12 07:30:00,2021-10-29 09:00:00
AZ0024716,,,,,2022.0,1,0.0,2022-06-09 15:16:00,2022-06-09 16:30:00
AZ0024716,,,,,2023.0,3,0.0,2023-04-15 18:30:00,2023-07-17 17:00:00
AZ0024716,,,,,2024.0,1,0.0,2024-02-05 18:36:00,2024-02-05 21:32:00
AZ0024716,,,,,2025.0,1,0.0,2025-06-05 07:00:00,2025-06-05 11:00:00
AZ0024716,,,,,2026.0,2,0.0,2026-04-26 10:30:00,2026-09-02 03:05:00
AZ0024881,,,,,2021.0,1,0.0,2021-05-04 16:00:00,2021-05-04 16:45:00
AZ0024881,,,,,2022.0,1,0.0,2022-10-17 04:30:00,2022-10-17 06:00:00
AZ0024881,,,,,2023.0,3,0.0,2023-02-07 07:00:00,2023-05-30 12:00:00
AZ0025071,,,,,2021.0,2,0.0,2021-03-17 11:00:00,2021-10-09 16:30:00
AZ0025071,,,,,2022.0,4,0.0,2022-01-31 00:30:00,2022-09-12 00:00:00
AZ0025071,,,,,2024.0,2,0.0,2024-01-08 09:00:00,2024-06-15 08:33:00
AZ0025071,,,,,2025.0,1,0.0,2025-12-14 15:00:00,2025-12-15 01:30:00
AZ0025071,,,,,2026.0,2,0.0,2026-01-19 05:30:00,2026-02-02 06:00:00
AZ0025119,,,,,2020.0,1,0.0,2020-12-31 14:30:00,2020-12-31 18:00:00
AZ0025119,,,,,2021.0,2,0.0,2021-07-06 13:00:00,2021-12-27 08:00:00
AZ0025119,,,,,2022.0,1,0.0,2022-10-04 07:00:00,2022-10-04 09:30:00
AZ0025119,,,,,2023.0,5,0.0,2023-02-14 08:00:00,2023-12-04 09:30:00
AZ0025135,,,,,2021.0,1,0.0,2021-08-18 18:30:00,2021-08-18 19:00:00
AZ0025151,,,,,2026.0,1,0.0,2026-03-17 19:54:00,2026-03-18 00:00:00
AZ0025178,,,,,2020.0,3,0.0,2020-03-02 16:00:00,2020-09-15 14:10:00
AZ0025178,,,,,2021.0,4,0.0,2021-05-02 17:00:00,2021-10-22 15:30:00
AZ0025178,,,,,2022.0,1,0.0,2022-05-18 10:00:00,2022-05-18 10:30:00
AZ0025178,,,,,2023.0,2,0.0,2023-02-01 14:00:00,2023-02-06 22:00:00
AZ0025178,,,,,2024.0,1,0.0,2024-08-30 10:30:00,2024-08-30 12:00:00
AZ0025178,,,,,2026.0,1,0.0,2026-01-11 13:01:00,2026-01-11 15:39:00
AZ0025208,,,,,2024.0,1,0.0,2024-10-31 21:30:00,2024-10-31 23:30:00
AZ0025216,,,,,2025.0,1,0.0,2025-05-02 10:00:00,2025-05-02 12:00:00
AZ0025241,,,,,2024.0,1,0.0,2024-02-28 12:00:00,2024-02-28 18:30:00
AZ0025241,,,,,2025.0,2,0.0,2025-01-28 13:00:00,2025-10-29 01:55:00
AZ0025241,,,,,2026.0,1,0.0,2026-02-15 05:38:00,2026-02-15 06:00:00
AZ0025313,,,,,2019.0,1,0.0,2019-11-06 09:00:00,2019-11-06 15:00:00
AZ0025313,,,,,2020.0,3,0.0,2020-04-24 11:00:00,2020-11-22 15:55:00
AZ0025313,,,,,2021.0,2,0.0,2021-05-13 11:09:00,2021-10-05 11:00:00
AZ0025313,,,,,2022.0,1,0.0,2022-04-26 13:45:00,2022-04-26 15:45:00
AZ0025313,,,,,2024.0,1,0.0,2024-03-10 17:30:00,2024-03-10 21:00:00
AZ0025313,,,,,2026.0,8,0.0,2026-02-20 11:00:00,2026-08-03 14:45:00
AZ0025381,,,,,2021.0,2,0.0,2021-07-23 15:00:00,2021-10-16 10:45:00
AZ0025381,,,,,2022.0,2,0.0,2022-02-11 22:30:00,2022-07-10 23:00:00
AZ0025381,,,,,2023.0,4,0.0,2023-02-07 03:57:00,2023-11-25 02:45:00
AZ0025381,,,,,2024.0,4,0.0,2024-01-16 01:15:00,2024-08-23 09:30:00
AZ0025381,,,,,2026.0,2,0.0,2026-03-18 18:00:00,2026-07-20 19:10:00
AZ0025712,,,,,2021.0,1,0.0,2021-05-22 06:00:00,2021-05-22 18:55:00
AZ0025712,,,,,2024.0,1,0.0,2024-02-28 14:06:00,2024-02-28 15:15:00
AZ0025712,,,,,2026.0,4,0.0,2026-03-01 23:15:00,2026-08-16 09:30:00
AZ0025828,,,,,2021.0,2,0.0,2021-07-23 08:30:00,2021-08-12 09:00:00
AZ0025828,,,,,2025.0,1,0.0,2025-09-26 12:05:00,2025-09-26 12:30:00
AZ0025879,,,,,2020.0,1,0.0,2020-03-11 15:00:00,2020-03-14 13:00:00
AZ0025879,,,,,2021.0,1,0.0,2021-12-24 22:30:00,2021-12-25 13:30:00
AZ0025879,,,,,2023.0,2,0.0,2023-01-01 07:00:00,2023-03-22 10:00:00
AZ0025879,,,,,2024.0,5,0.0,2024-02-18 15:00:00,2024-09-25 10:00:00
AZ0026077,,,,,2019.0,1,0.0,2019-09-24 16:00:00,2019-09-25 07:00:00
AZ0026077,,,,,2025.0,1,0.0,2025-01-09 17:00:00,2025-01-09 17:30:00
AZ0026204,,,,,2023.0,1,0.0,2023-02-02 04:45:00,2023-02-02 05:15:00
AZ0026620,,,,,2025.0,1,0.0,2025-01-11 01:30:00,2025-01-11 09:00:00
AZ0026808,,,,,2022.0,3,0.0,2022-01-05 11:00:00,2022-11-22 19:30:00
AZ0026808,,,,,2023.0,4,0.0,2023-04-22 10:00:00,2023-12-29 15:45:00
AZ0110426,,,,,2025.0,1,0.0,2025-05-18 10:00:00,2025-05-19 23:30:00
DC0021199,001,D.C. WASA Sanitary Sewer System,Municipality,689545.0,2023.0,30,2072474.0,2023-03-31 11:00:00,2023-12-17 19:30:00
DC0021199,001,D.C. WASA Sanitary Sewer System,Municipality,689545.0,2024.0,32,2138373.0,2024-01-12 09:24:00,2024-12-29 18:15:00
DC0021199,001,D.C. WASA Sanitary Sewer System,Municipality,689545.0,2025.0,62,437717.0,2025-01-01 16:11:00,2025-12-29 12:45:00
DC0021199,001,D.C. WASA Sanitary Sewer System,Municipality,689545.0,2026.0,57,487069948.6,2026-01-03 15:32:00,2026-09-07 01:00:00
GA0020168,GA0020168,,,,2026.0,1,0.0,2026-08-12 12:45:00,2026-08-12 14:45:00
GA0020214,GA0020214,,,,2025.0,1,0.0,2025-06-30 08:56:00,2025-06-30 10:26:00
GA0020427,GA0020427,,,,2025.0,1,0.0,2025-12-17 14:00:00,2025-12-17 17:00:00
GA0020443,GA0020443,,,,2025.0,3,0.0,2025-08-10 18:25:00,2025-09-29 07:00:00
GA0020443,GA0020443,,,,2026.0,5,0.0,2026-02-03 08:35:00,2026-06-29 16:30:00
GA0020516,GA0020516,,,,2025.0,20,0.0,2025-04-07 10:05:00,2025-12-29 15:40:00
GA0020516,GA0020516,,,,2026.0,36,0.0,2026-01-07 10:25:00,2026-08-31 21:00:00
GA0020729,GA0020729,,,,2026.0,2,0.0,2026-07-21 15:10:00,2026-07-31 01:00:00
GA0020788,GA0020788,,,,2025.0,2,0.0,2025-08-17 13:05:00,2026-09-29 00:42:00
GA0021156,GA0021156,,,,2026.0,5,0.0,2026-04-29 14:25:00,2026-08-25 09:15:00
GA0021334,GA0021334,,,,2025.0,4,0.0,2025-08-28 05:23:00,2025-12-01 09:45:00
GA0021423,GA0021423,,,,2025.0,1,0.0,2025-10-23 11:45:00,2025-10-23 13:45:00
GA0021491,GA0021491,,,,2026.0,1,0.0,2026-06-24 10:00:00,2026-06-24 16:00:00
GA0021725,GA0021725,,,,2025.0,4,0.0,2025-10-04 10:38:00,2025-11-17 13:50:00
GA0021725,GA0021725,,,,2026.0,16,0.0,2026-01-18 18:15:00,2026-08-31 10:16:00
GA0021806,GA0021806,,,,2026.0,1,0.0,2026-03-29 08:30:00,2026-03-29 11:00:00
GA0021814,GA0021814,,,,2025.0,1,0.0,2025-12-10 16:30:00,2025-12-10 22:45:00
GA0021814,GA0021814,,,,2026.0,1,0.0,2026-05-19 18:30:00,2026-05-19 23:30:00
GA0023710,GA0023710,,,,2025.0,1,0.0,2025-04-03 07:00:00,2025-04-03 16:30:00
GA0023710,GA0023710,,,,2026.0,1,0.0,2026-05-14 10:30:00,2026-05-15 11:00:00
GA0024147,GA0024147,,,,2025.0,109,0.0,2025-04-01 14:49:00,2025-12-29 12:30:00
GA0024147,GA0024147,,,,2026.0,234,0.0,2026-01-04 12:13:00,2026-09-04 11:00:00
GA0024333,GA0024333,,,,2025.0,13,0.0,2025-04-06 16:45:00,2025-12-29 11:30:00
GA0024333,GA0024333,,,,2026.0,19,0.0,2026-01-07 11:40:00,2026-07-24 23:55:00
GA0024431,GA0024431,,,,2026.0,3,0.0,2026-01-06 18:00:00,2026-07-22 07:30:00
GA0024538,GA0024538,,,,2025.0,11,0.0,2025-04-09 09:00:00,2025-12-09 22:20:00
GA0024538,GA0024538,,,,2026.0,14,0.0,2026-01-08 14:32:00,2026-08-31 11:35:00
GA0024546,GA0024546,,,,2025.0,21,0.0,2025-04-06 21:00:00,2025-12-21 14:30:00
GA0024546,GA0024546,,,,2026.0,20,0.0,2026-01-05 12:30:00,2026-08-23 23:59:00
GA0025348,GA0025348,,,,2025.0,6,0.0,2025-10-23 13:00:00,2025-12-26 10:30:00
GA0025348,GA0025348,,,,2026.0,19,0.0,2026-01-12 17:00:00,2026-05-23 15:50:00
GA0025381,GA0025381,,,,2026.0,5,0.0,2026-03-19 09:15:00,2026-05-27 10:30:00
GA0025771,GA0025771,,,,2026.0,1,0.0,2026-05-28 02:30:00,2026-05-28 03:30:00
GA0026107,GA0026107,,,,2026.0,2,0.0,2026-02-19 13:00:00,2026-03-27 08:40:00
GA0026140,GA0026140,,,,2025.0,56,0.0,2025-04-01 16:57:00,2025-12-27 16:00:00
GA0026140,GA0026140,,,,2026.0,56,0.0,2026-01-14 09:58:00,2026-08-26 11:50:00
GA0026247,GA0026247,,,,2025.0,1,0.0,2025-12-12 19:00:00,2025-12-12 21:00:00
GA0030791,GA0030791,,,,2025.0,1,0.0,2025-08-04 16:07:00,2025-08-04 17:15:00
GA0030791,GA0030791,,,,2026.0,1,0.0,2026-01-21 08:01:00,2026-01-21 08:30:00
GA0031721,GA0031721,,,,2026.0,2,0.0,2026-02-04 09:50:00,2026-04-11 22:25:00
GA0031801,GA0031801,,,,2026.0,1,0.0,2026-08-15 20:30:00,2026-08-16 23:30:00
GA0031950,GA0031950,,,,2026.0,1,0.0,2026-03-10 11:25:00,2026-03-11 13:47:00
GA0031984,GA0031984,,,,2026.0,1,0.0,2026-01-12 16:19:00,2026-01-12 17:54:00
GA0031992,GA0031992,,,,2026.0,1,0.0,2026-01-31 16:18:00,2026-01-31 20:00:00
GA0033235,GA0033235,,,,2025.0,3,0.0,2025-07-13 15:00:00,2025-08-26 06:00:00
GA0035807,GA0035807,,,,2026.0,8,0.0,2026-01-12 14:00:00,2026-09-02 20:30:00
GA0036854,GA0036854,,,,2026.0,1,0.0,2026-04-26 12:00:00,2026-04-30 12:00:00
GA0036951,GA0036951,,,,2026.0,2,0.0,2026-04-09 12:30:00,2026-08-10 12:21:00
GA0037222,GA0037222,,,,2025.0,1,0.0,2025-12-30 10:00:00,2025-12-31 08:00:00
GA0037621,GA0037621,,,,2025.0,9,0.0,2025-11-04 07:55:00,2025-12-27 16:30:00
GA0037621,GA0037621,,,,2026.0,30,0.0,2026-01-05 20:55:00,2026-09-07 12:15:00
GA0037648,GA0037648,,,,2026.0,1,0.0,2026-07-25 13:30:00,2026-07-25 15:30:00
GA0038130,GA0038130,,,,2025.0,16,0.0,2025-04-07 13:05:00,2025-12-22 14:00:00
GA0038130,GA0038130,,,,2026.0,24,0.0,2026-01-19 16:24:00,2026-08-05 15:10:00
GA0038334,GA0038334,,,,2026.0,8,0.0,2026-01-20 08:00:00,2026-08-20 08:30:00
GA0038369,GA0038369,,,,2026.0,1,0.0,2026-05-28 13:01:00,2026-05-28 17:10:00
GA0038423,GA0038423,,,,2025.0,11,0.0,2025-09-10 14:40:00,2025-12-12 22:12:00
GA0038423,GA0038423,,,,2026.0,24,0.0,2026-01-09 20:00:00,2026-09-04 16:15:00
GA0038644,GA0038644,,,,2026.0,1,0.0,2026-05-20 17:41:00,2026-05-20 21:49:00
GA0038661,GA0038661,,,,2026.0,1,0.0,2026-03-04 15:00:00,2026-03-05 22:00:00
GA0038695,GA0038695,,,,2025.0,1,0.0,2025-12-28 19:26:00,2025-12-28 21:25:00
GA0038709,GA0038709,,,,2025.0,4,0.0,2025-10-06 09:15:00,2025-12-18 17:00:00
GA0038709,GA0038709,,,,2026.0,5,0.0,2026-03-31 22:45:00,2026-06-16 08:30:00
GA0038849,GA0038849,,,,2025.0,1,0.0,2025-12-08 19:00:00,2025-12-08 21:00:00
GA0039012,GA0039012,,,,2025.0,43,0.0,2025-10-02 12:57:00,2025-12-31 14:30:00
GA0039012,GA0039012,,,,2026.0,109,0.0,2026-01-02 15:28:00,2026-08-31 18:00:00
GA0039047,GA0039047,,,,2025.0,1,0.0,2025-11-09 09:00:00,2025-11-09 11:00:00
GA0039047,GA0039047,,,,2026.0,2,0.0,2026-03-03 06:45:00,2026-05-13 10:30:00
GA0046019,GA0046019,,,,2026.0,4,0.0,2026-01-02 14:00:00,2026-08-21 16:00:00
GA0046418,GA0046418,,,,2026.0,1,0.0,2026-01-22 07:37:00,2026-01-22 10:49:00
GA0046485,GA0046485,,,,2025.0,4,0.0,2025-04-07 15:30:00,2025-08-17 19:30:00
GA0046485,GA0046485,,,,2026.0,4,0.0,2026-02-22 12:30:00,2026-06-22 14:00:00
GA0046655,GA0046655,,,,2025.0,1,0.0,2025-12-17 12:58:00,2025-12-18 00:30:00
GA0046761,GA0046761,,,,2026.0,1,0.0,2026-05-25 03:00:00,2026-05-25 15:00:00
GA0047066,GA0047066,,,,2026.0,1,0.0,2026-02-17 13:30:00,2026-02-17 15:45:00
GA0047678,GA0047678,,,,2025.0,3,0.0,2025-12-13 12:10:00,2025-12-30 15:15:00
GA0047678,GA0047678,,,,2026.0,4,0.0,2026-02-03 19:40:00,2026-08-19 15:10:00
GA0048470,GA0048470,,,,2026.0,1,0.0,2026-05-13 09:30:00,2026-05-13 10:30:00
GA0050246,GA0050246,,,,2025.0,1,0.0,2025-12-17 09:00:00,2025-12-17 15:00:00
GAG640046,GAG640046,,,,2025.0,1,0.0,2025-12-29 12:46:00,2025-12-29 14:46:00
GAIS10096,GAIS10096,,,,2025.0,1,0.0,2025-09-29 09:30:00,2025-09-29 10:30:00
GAIS10096,GAIS10096,,,,2026.0,1,0.0,2026-08-16 12:00:00,2026-08-17 07:30:00
GAIS12148,GAIS12148,,,,2025.0,1,0.0,2025-09-02 10:40:00,2025-09-02 16:43:00
GAIS12148,GAIS12148,,,,2026.0,1,0.0,2026-01-08 15:48:00,2026-01-08 16:38:00
GAJ020013,GAJ020013,,,,2026.0,1,0.0,2026-09-02 11:15:00,2026-09-02 11:45:00
GAJ020036,GAJ020036,,,,2025.0,1,0.0,2025-05-22 09:45:00,2025-05-22 10:45:00
GAJ020036,GAJ020036,,,,2026.0,2,0.0,2026-04-20 13:00:00,2026-05-04 20:45:00
GAJ020124,GAJ020124,,,,2026.0,4,0.0,2026-06-19 11:00:00,2026-06-20 21:00:00
GAJ020126,GAJ020126,,,,2026.0,1,0.0,2026-05-08 07:30:00,2026-05-08 07:47:00
GAJ020137,GAJ020137,,,,2025.0,1,0.0,2025-12-03 09:55:00,2025-12-03 11:15:00
GAJ020137,GAJ020137,,,,2026.0,3,0.0,2026-01-30 09:22:00,2026-08-01 19:05:00
GAJ020167,GAJ020167,,,,2026.0,1,0.0,2026-02-12 02:30:00,2026-02-12 07:30:00
GAJ020248,GAJ020248,,,,2026.0,1,0.0,2026-02-22 10:00:00,2026-02-24 08:30:00
GAJ030621,GAJ030621,,,,2025.0,1,0.0,2025-11-11 11:00:00,2025-11-11 16:30:00
GAJ030621,GAJ030621,,,,2026.0,1,0.0,2026-08-17 18:00:00,2026-08-18 11:30:00
GAJ040002,GAJ040002,,,,2026.0,3,0.0,2026-02-10 15:19:00,2026-08-05 12:30:00
GAJ040034,GAJ040034,,,,2026.0,1,0.0,2026-05-02 18:00:00,2026-05-02 22:00:00
GAU020198,GAU020198,,,,2025.0,5,0.0,2025-10-29 08:00:00,2025-12-26 10:30:00
GAU020198,GAU020198,,,,2026.0,15,0.0,2026-01-12 17:00:00,2026-05-23 15:50:00
GAU060009,GAU060009,,,,2025.0,1,0.0,2025-09-23 13:30:00,2025-09-24 12:00:00
GAU060009,GAU060009,,,,2026.0,3,0.0,2026-01-03 08:30:00,2026-04-07 23:39:00
GAU060032,GAU060032,,,,2026.0,1,0.0,2026-02-09 08:30:00,2026-02-09 11:10:00
GAU060156,GAU060156,,,,2025.0,1,0.0,2025-11-17 06:00:00,2025-11-17 14:20:00
GAU060156,GAU060156,,,,2026.0,1,0.0,2026-01-12 09:00:00,2026-01-12 11:30:00
GAU060251,GAU060251,,,,2026.0,2,0.0,2026-02-13 10:00:00,2026-02-17 14:30:00
GU0110019,001,APRA HARBOR Collection System,Federal Facility (U.S. Government),8000.0,2024.0,6,1950.0,2024-04-15 10:30:00,2024-09-09 18:04:00
GU0110019,001,APRA HARBOR Collection System,Federal Facility (U.S. Government),8000.0,2025.0,4,1520.0,2025-04-08 03:21:00,2025-12-30 21:00:00
GU0110019,001,APRA HARBOR Collection System,Federal Facility (U.S. Government),8000.0,2026.0,5,1124.0,2026-01-08 14:00:00,2026-09-02 16:35:00
GU0110019,,,,,,2,0.0,,
ID0028002,001,Kamiah Sanitary Sewer System,Municipality,1933.0,2023.0,1,10.0,2023-12-17 12:00:00,2023-12-17 12:10:00
IL0002291,001,CATERPILLAR SEWER COLLECTION SYSTEM,Privately Owned Facility,0.0,2026.0,1,3000.0,2026-02-13 13:30:00,2026-02-13 14:00:00
IL0003140,001,3M CORDOVA SSCS,Corporation,0.0,2025.0,2,0.0,2025-07-08 19:23:00,2025-08-25 17:45:00
IL0003140,001,3M CORDOVA SSCS,Corporation,0.0,2026.0,1,0.0,2026-06-07 10:00:00,2026-06-07 13:00:00
IL0004421,001,SOLSTICE ADVANCED MATERIALS,Privately Owned Facility,0.0,2026.0,1,350.0,2026-04-03 03:00:00,2026-04-03 05:00:00
IL0020001,001,"AVISTON STP, VILLAGE OF  SSCS",Municipality,2340.0,2026.0,1,36000.0,2026-06-22 13:00:00,2026-06-22 16:00:00
IL0020052,001,"PLANO STP, CITY OF SSCS",Municipality,12472.0,2025.0,7,266.0,2025-01-06 12:00:00,2025-04-07 16:30:00
IL0020052,001,"PLANO STP, CITY OF SSCS",Municipality,12472.0,2026.0,2,310.0,2026-02-03 21:00:00,2026-03-21 13:30:00
IL0020061,001,"WOOD DALE NORTH STP, CITY OF SSCS",Municipality,9800.0,2025.0,3,1500.0,2025-01-31 10:00:00,2025-01-31 18:37:00
IL0020061,001,"WOOD DALE NORTH STP, CITY OF SSCS",Municipality,9800.0,2026.0,7,6101.6,2026-01-09 01:00:00,2026-07-04 12:00:00
IL0020087,001,GENEVA WWTP SSCS,Municipality,21228.0,2024.0,2,0.0,2024-12-26 19:00:00,2024-12-26 21:30:00
IL0020087,001,GENEVA WWTP SSCS,Municipality,21228.0,2025.0,1,0.0,2025-05-07 21:45:00,2025-05-08 00:00:00
IL0020087,001,GENEVA WWTP SSCS,Municipality,21228.0,2026.0,2,400.0,2026-04-21 12:00:00,2026-04-23 00:00:00
IL0020109,001,WAUCONDA WWTF SSCS,Municipality,13932.0,2024.0,2,4800.0,2024-10-01 00:00:00,2024-11-16 17:30:00
IL0020109,001,WAUCONDA WWTF SSCS,Municipality,13932.0,2025.0,2,800.0,2025-02-20 14:45:00,2025-02-20 19:47:00
IL0020109,001,WAUCONDA WWTF SSCS,Municipality,13932.0,2026.0,1,1000.0,2026-05-20 10:15:00,2026-05-20 11:30:00
IL0020273,001,"FLORA STP, CITY OF SSCS",Municipality,4803.0,2025.0,7,237000044.8,2025-01-18 02:00:00,2025-05-06 21:00:00
IL0020311,001,CUBA WWTF SSCS,Municipality,1184.0,2026.0,8,4116000.0,2026-06-12 12:00:00,2026-08-16 16:00:00
IL0020354,001,"ANTIOCH STP, VILLAGE OF SSCS",Municipality,14622.0,2024.0,2,300.0,2024-11-13 22:01:00,2024-12-04 09:00:00
IL0020354,001,"ANTIOCH STP, VILLAGE OF SSCS",Municipality,14622.0,2025.0,6,3924.0,2025-01-01 11:00:00,2025-11-22 23:00:00
IL0020354,001,"ANTIOCH STP, VILLAGE OF SSCS",Municipality,14622.0,2026.0,3,23524.0,2026-03-22 00:05:00,2026-04-30 16:00:00
IL0020516,001,"CARY WWTP, VILLAGE OF SSCS",Municipality,17826.0,2025.0,2,12000.0,2025-04-16 06:00:00,2025-06-13 15:30:00
IL0020516,001,"CARY WWTP, VILLAGE OF SSCS",Municipality,17826.0,2026.0,1,400.0,2026-04-04 21:45:00,2026-04-04 22:50:00
IL0020559,001,"NEW LENOX STP #1, VILLAGE OF SSCS",Municipality,18000.0,2025.0,2,45000.0,2025-04-02 19:00:00,2025-08-19 11:00:00
IL0020559,001,"NEW LENOX STP #1, VILLAGE OF SSCS",Municipality,18000.0,2026.0,1,18000.0,2026-07-30 23:15:00,2026-07-31 02:59:00
IL0020621,001,LITCHFIELD STP SSCS,Municipality,6605.0,2026.0,2,1079.8000000000002,2026-04-27 19:10:00,2026-05-06 03:15:00
IL0020621,,,,,2025.0,1,300.0,2025-12-15 02:30:00,2025-12-15 08:00:00
IL0020621,,,,,2026.0,1,5.3,2026-04-28 00:17:00,2026-04-28 02:00:00
IL0020753,001,"FREEBURG EAST STP, VILLAGE OF  SSCS",Municipality,4582.0,2025.0,5,474850.0,2025-04-05 01:46:00,2025-04-05 21:34:00
IL0020761,001,"ABINGDON STP, CITY OF SSCS",Municipality,2951.0,2025.0,2,20.0,2025-02-11 10:00:00,2025-02-11 14:00:00
IL0020788,001,DANVILLE SANITARY DISTRICT STP SSCS,Municipality,28472.0,2025.0,1,4622000.0,2025-04-05 15:40:00,2025-04-06 14:00:00
IL0020788,001,DANVILLE SANITARY DISTRICT STP SSCS,Municipality,28472.0,2026.0,2,1030.0,2026-08-15 12:30:00,2026-08-15 18:30:00
IL0020818,001,FOX METRO WRD STP SSCS,Municipality,300000.0,2025.0,2,158374.8,2025-03-20 18:30:00,2025-12-06 22:00:00
IL0020818,001,FOX METRO WRD STP SSCS,Municipality,300000.0,2026.0,5,615888.0,2026-06-21 23:15:00,2026-07-04 04:59:00
IL0020877,001,"EARLVILLE STP, CITY OF SSCS",Municipality,1613.0,2026.0,10,7716000.0,2026-04-02 08:30:00,2026-07-05 04:55:00
IL0020974,001,"CLAY CITY,  VILLAGE OF SSCS",Municipality,847.0,2026.0,1,240.0,2026-02-17 13:00:00,2026-02-18 13:00:00
IL0021016,001,ILLINOIS AMERICAN WATER - FISHER STP SSCS,Municipality,2062.0,2025.0,1,18000.0,2025-05-15 18:00:00,2025-05-16 04:00:00
IL0021016,001,ILLINOIS AMERICAN WATER - FISHER STP SSCS,Municipality,2062.0,2026.0,3,2033999.8,2026-06-22 07:00:00,2026-08-18 17:00:00
IL0021059,001,"MARSEILLES WWTP, CITY OF SSCS",Municipality,4845.0,2025.0,1,60.0,2025-06-13 13:00:00,2025-06-13 20:30:00
IL0021059,001,"MARSEILLES WWTP, CITY OF SSCS",Municipality,4845.0,2026.0,2,4000.0,2026-02-24 15:30:00,2026-09-10 16:45:00
IL0021113,001,MORRIS - MAIN STP SSCS,Municipality,4085.0,2025.0,1,18000.0,2025-04-02 19:15:00,2025-04-02 23:00:00
IL0021113,,,,,2026.0,4,3750853.2,2026-06-10 23:02:00,2026-08-12 18:30:00
IL0021121,001,"CREST HILL WEST STP, CITY OF SSCS",Municipality,20459.0,2026.0,1,5.0,2026-07-13 17:31:00,2026-07-13 17:32:00
IL0021130,001,"BLOOMINGDALE-REEVES WRF, VILLAGE OF SSCS",Municipality,22016.0,2025.0,3,2600.0,2025-02-06 14:30:00,2025-09-21 06:30:00
IL0021181,001,"SWANSEA STP, VILLAGE OF SSCS",Municipality,14386.0,2025.0,1,20.0,2025-04-05 19:00:00,2025-04-06 01:00:00
IL0021181,001,"SWANSEA STP, VILLAGE OF SSCS",Municipality,14386.0,2026.0,1,80800.0,2026-05-18 20:00:00,2026-05-19 02:44:00
IL0021211,001,ALEXIS STP SSCS,Municipality,793.0,2026.0,1,20000.0,2026-08-16 18:00:00,2026-08-17 18:00:00
IL0021237,001,CREVE COEUR SANITARY DISTRICT WWTP SSCS,Municipality,8242.0,2025.0,1,480.0,2025-04-11 20:00:00,2025-04-11 22:00:00
IL0021270,001,"BECKEMEYER STP, VILLAGE OF SSCS",Municipality,923.0,2025.0,1,1650000.0,2025-05-19 19:45:00,2025-05-22 12:00:00
IL0021270,,,,,2026.0,2,6705000.0,2026-03-13 14:00:00,2026-05-22 09:00:00
IL0021288,001,GREATER PEORIA SANITARY AND SEWAGE DISTRICT SSCS,Municipality,132672.0,2025.0,5,1800.0,2025-03-02 12:46:00,2025-10-17 15:36:00
IL0021288,001,GREATER PEORIA SANITARY AND SEWAGE DISTRICT SSCS,Municipality,132672.0,2026.0,7,42000.0,2026-04-10 17:48:00,2026-08-31 18:30:00
IL0021415,,,,,2025.0,1,1039000.0,2025-07-31 13:00:00,2025-08-07 18:10:00
IL0021547,001,GLENBARD WASTEWATER AUTHORITY - MAIN WWTP SSCS,Municipality,267000.0,2026.0,1,177624.0,2026-04-17 16:01:00,2026-04-17 16:15:00
IL0021547,,,,,,1,0.0,,
IL0021598,001,BARRINGTON WWTF SSCS,Municipality,10722.0,2026.0,3,101140.0,2026-04-02 22:15:00,2026-04-18 07:05:00
IL0021636,001,"O'FALLON STP, CITY OF SSCS",Municipality,32140.0,2025.0,2,400600.0,2025-03-15 07:00:00,2025-04-19 21:30:00
IL0021636,,,,,,1,0.0,,
IL0021644,001,"CHARLESTON STP, CITY OF SSCS",Municipality,17119.0,2025.0,1,4800.0,2025-04-05 00:12:00,2025-04-05 01:00:00
IL0021644,001,"CHARLESTON STP, CITY OF SSCS",Municipality,17119.0,2026.0,2,35750.0,2026-06-18 00:45:00,2026-06-27 21:55:00
IL0021695,001,"TOLUCA STP, CITY OF SSCS",Municipality,1340.0,2025.0,1,683020.0,2025-03-18 11:00:00,2025-03-20 00:00:00
IL0021717,001,"RUSHVILLE STP, CITY OF SSCS",Municipality,3005.0,2025.0,1,42000.0,2025-07-19 20:00:00,2025-07-19 20:50:00
IL0021725,001,"NEW ATHENS, VILLAGE OF SSCS",Municipality,1955.0,2025.0,2,2220000.0,2025-04-04 18:30:00,2025-04-06 07:30:00
IL0021725,,,,,,1,0.0,,
IL0021733,001,LAKE IN THE HILLS SD STP SSCS,Municipality,28982.0,2024.0,1,200.0,2024-12-01 08:00:00,2024-12-01 11:30:00
IL0021733,001,LAKE IN THE HILLS SD STP SSCS,Municipality,28982.0,2025.0,1,100.0,2025-08-11 23:00:00,2025-08-11 23:30:00
IL0021784,001,KANKAKEE RIVER METROPOLITAN AGENCY STP SSCS,Municipality,27500.0,2025.0,1,21.6,2025-07-30 20:00:00,2025-07-30 21:26:00
IL0021784,001,KANKAKEE RIVER METROPOLITAN AGENCY STP SSCS,Municipality,27500.0,2026.0,1,5600000.0,2026-03-16 08:19:00,2026-03-16 11:00:00
IL0021873,001,"BELLEVILLE STP #1, CITY OF SSCS",Municipality,42404.0,2024.0,10,619640000.0,2024-12-08 08:00:00,2024-12-30 15:00:00
IL0021873,001,"BELLEVILLE STP #1, CITY OF SSCS",Municipality,42404.0,2025.0,62,18219438035.2,2025-01-01 06:00:00,2025-10-31 20:30:00
IL0021873,001,"BELLEVILLE STP #1, CITY OF SSCS",Municipality,42404.0,2026.0,44,2203008247.2,2026-01-08 13:00:00,2026-09-10 08:30:00
IL0021890,001,"SHELBYVILLE STP, CITY OF SSCS",Municipality,4674.0,2025.0,2,1024000.0,2025-03-18 03:00:00,2025-03-20 06:00:00
IL0021971,001,SANGAMON COUNTY WATER RECLAMATION DISTRICT  SSCS,Municipality,41000.0,2025.0,16,15816.6,2025-03-20 17:00:00,2025-07-24 15:10:00
IL0021971,001,SANGAMON COUNTY WATER RECLAMATION DISTRICT  SSCS,Municipality,41000.0,2026.0,27,2509249.0,2026-03-01 13:49:00,2026-07-24 02:26:00
IL0021989,001,SPRING CREEK STP SSCS,Municipality,106243.0,2024.0,1,69734.8,2024-12-03 10:15:00,2024-12-04 08:00:00
IL0021989,001,SPRING CREEK STP SSCS,Municipality,106243.0,2025.0,20,155919.0,2025-01-11 11:41:00,2025-04-23 19:00:00
IL0021989,001,SPRING CREEK STP SSCS,Municipality,106243.0,2026.0,2,3000.0,2026-01-19 13:30:00,2026-03-11 04:00:00
IL0021997,001,"PINCKNEYVILLE, CITY OF SSCS",Municipality,5066.0,2024.0,2,190000.0,2024-11-14 14:00:00,2024-12-16 11:00:00
IL0021997,001,"PINCKNEYVILLE, CITY OF SSCS",Municipality,5066.0,2025.0,8,10663400.0,2025-02-15 16:45:00,2025-12-16 00:00:00
IL0021997,001,"PINCKNEYVILLE, CITY OF SSCS",Municipality,5066.0,2026.0,2,88840.0,2026-04-04 13:00:00,2026-07-11 13:10:00
IL0021997,,,,,2024.0,1,3068524.0,2024-11-07 13:59:00,2024-11-09 14:00:00
IL0021997,,,,,2025.0,1,4937800.0,2025-02-17 09:15:00,2025-02-19 07:30:00
IL0021997,,,,,,1,0.0,,
IL0022055,001,LAKE COUNTY PUBLIC WORKS DEPARTMENT SSCS,Municipality,48262.0,2024.0,1,3000.0,2024-12-02 15:00:00,2024-12-02 23:30:00
IL0022055,001,LAKE COUNTY PUBLIC WORKS DEPARTMENT SSCS,Municipality,48262.0,2025.0,3,10200.0,2025-02-21 12:00:00,2025-05-09 22:00:00
IL0022055,001,LAKE COUNTY PUBLIC WORKS DEPARTMENT SSCS,Municipality,48262.0,2026.0,4,78800.0,2026-04-18 10:00:00,2026-09-01 16:45:00
IL0022071,001,LCPWD-NEW CENTURY TOWN WRF SSCS,Municipality,23000.0,2025.0,3,70.0,2025-05-11 00:00:00,2025-09-07 23:30:00
IL0022071,001,LCPWD-NEW CENTURY TOWN WRF SSCS,Municipality,23000.0,2026.0,2,10040.0,2026-03-19 18:30:00,2026-03-31 02:00:00
IL0022152,001,OAKLANE ACRES SUBDIVISION STP SSCS,Privately Owned Facility,250.0,2026.0,1,2400.0,2026-02-03 13:00:00,2026-02-03 17:00:00
IL0022152,,,,,,3,0.0,,
IL0022322,001,"GEORGETOWN STP, CITY OF SSCS",Municipality,3143.0,2025.0,1,15.6,2025-04-07 12:00:00,2025-04-13 23:00:00
IL0022322,001,"GEORGETOWN STP, CITY OF SSCS",Municipality,3143.0,2026.0,7,185.6,2026-04-01 15:00:00,2026-08-28 16:00:00
IL0022497,001,"GILLESPIE STP, VILLAGE OF SSCS",Municipality,3168.0,2026.0,2,1716800.0,2026-05-06 10:00:00,2026-05-14 15:00:00
IL0022497,,,,,,1,0.0,,
IL0022501,001,"MUNDELEIN STP, VILLAGE OF SSCS",Municipality,31560.0,2025.0,1,1400.0,2025-03-20 01:30:00,2025-03-20 03:00:00
IL0022501,001,"MUNDELEIN STP, VILLAGE OF SSCS",Municipality,31560.0,2026.0,1,1000.0,2026-03-16 11:00:00,2026-03-16 13:00:00
IL0022519,001,"JOLIET EASTSIDE STP, CITY OF SSCS",Municipality,150362.0,2025.0,1,220000.0,2025-06-16 18:00:00,2025-06-16 21:00:00
IL0022519,,,,,,1,0.0,,
IL0022527,001,"GLASFORD STP, VILLAGE OF SSCS",Municipality,866.0,2024.0,1,6.6,2024-11-05 06:00:00,2024-11-06 15:00:00
IL0022527,001,"GLASFORD STP, VILLAGE OF SSCS",Municipality,866.0,2025.0,1,18000.0,2025-12-29 11:00:00,2025-12-29 16:00:00
IL0022543,001,"BATAVIA WWTF, CITY OF SSCS",Municipality,26098.0,2025.0,2,100000000.0,2025-02-20 21:00:00,2025-03-03 12:47:00
IL0022586,001,FLAGG CREEK WRD - MCELWAIN STP SSCS,Municipality,253243.0,2024.0,1,1000.0,2024-11-11 06:45:00,2024-11-11 10:30:00
IL0022586,001,FLAGG CREEK WRD - MCELWAIN STP SSCS,Municipality,253243.0,2025.0,11,4960.0,2025-01-21 04:00:00,2025-11-07 16:05:00
IL0022586,001,FLAGG CREEK WRD - MCELWAIN STP SSCS,Municipality,253243.0,2026.0,10,14400.0,2026-03-06 12:45:00,2026-08-01 21:00:00
IL0022641,001,"DWIGHT STP, VILLAGE OF SSCS",Municipality,4032.0,2026.0,1,6600.0,2026-08-14 06:00:00,2026-08-14 18:00:00
IL0022667,001,"WITT STP, CITY OF SSCS",Municipality,785.0,2026.0,2,2000.0,2026-01-12 19:00:00,2026-01-13 17:00:00
IL0022667,,,,,,1,0.0,,
IL0022675,001,CARLINVILLE STP SSCS,Municipality,5710.0,2025.0,13,107880000.0,2025-04-03 11:00:00,2025-11-21 21:00:00
IL0022675,001,CARLINVILLE STP SSCS,Municipality,5710.0,2026.0,25,94.8,2026-03-03 05:00:00,2026-07-25 14:00:00
IL0022675,,,,,2025.0,1,46790.1,2025-05-16 20:00:00,2025-05-16 20:20:00
IL0022705,001,"ST CHARLES EASTSIDE WWTF, CITY OF  SSCS",Municipality,33081.0,2026.0,2,9500.0,2026-02-12 17:00:00,2026-02-26 15:30:00
IL0022772,001,"BREESE STP, CITY OF SSCS",Municipality,4641.0,2025.0,7,1097200.0,2025-04-05 01:00:00,2025-10-19 01:30:00
IL0023027,001,KISHWAUKEE WATER RECLAMATION DISTRICT WWTP SSCS,Municipality,143833.0,2026.0,22,8368000.0,2026-04-02 09:00:00,2026-08-26 16:10:00
IL0023141,001,GALESBURG SANITARY DISTRICT STP SSCS,Municipality,33007.0,2026.0,1,2000.0,2026-06-12 16:30:00,2026-06-12 19:30:00
IL0023248,001,"MURPHYSBORO STP, CITY OF SSCS",Municipality,7093.0,2025.0,3,24000.0,2025-01-13 13:00:00,2025-04-06 09:00:00
IL0023264,001,"SALEM STP, CITY OF SSCS",Municipality,7282.0,2025.0,1,6000.0,2025-06-04 00:15:00,2025-06-04 00:45:00
IL0023264,,,,,2025.0,1,9076000.0,2025-04-04 20:00:00,2025-04-06 11:00:00
IL0023264,,,,,,1,0.0,,
IL0023281,001,"GIBSON CITY WPCF, CITY OF SSCS",Municipality,3475.0,2025.0,1,50.0,2025-09-19 20:00:00,2025-09-19 23:30:00
IL0023329,001,"ALGONQUIN WWTP, VILLAGE OF SSCS",Municipality,29700.0,2025.0,1,600.0,2025-10-29 11:23:00,2025-10-29 13:00:00
IL0023329,001,"ALGONQUIN WWTP, VILLAGE OF SSCS",Municipality,29700.0,2026.0,5,1238420.0,2026-02-13 17:00:00,2026-08-30 02:30:00
IL0023337,001,"ROYALTON STP, VILLAGE OF SSCS",Municipality,1068.0,2025.0,1,444000.0,2025-05-26 15:00:00,2025-06-04 21:00:00
IL0023337,,,,,2025.0,2,12169000.0,2025-05-23 14:00:00,2025-06-28 15:30:00
IL0023337,,,,,2026.0,1,6618500.0,2026-03-08 17:00:00,2026-03-17 14:30:00
IL0023337,,,,,,2,0.0,,
IL0023345,001,"MILLEDGEVILLE STP, VILLAGE OF SSCS",Municipality,1026.0,2024.0,8,6307500.0,2024-12-20 08:00:00,2025-04-04 17:00:00
IL0023396,001,"PATOKA STP, VILLAGE OF  SSCS",Municipality,1200.0,2025.0,1,20.0,2025-04-05 08:00:00,2025-04-05 08:30:00
IL0023591,,,,,2026.0,1,15858836.1,2026-04-15 02:30:00,2026-04-18 15:24:00
IL0023647,,,,,,1,0.0,,
IL0023655,001,PRAIRIE PATH WATER COMPANY SSCS,Municipality,3667.0,2025.0,1,3600.0,2025-04-19 23:30:00,2025-04-20 05:30:00
IL0023655,001,PRAIRIE PATH WATER COMPANY SSCS,Municipality,3667.0,2026.0,1,20000.0,2026-09-04 17:44:00,2026-09-04 19:48:00
IL0023825,,,,,2024.0,1,250.0,2024-12-05 11:00:00,
IL0024201,001,"MOKENA, VILLAGE OF SSCS",Municipality,19887.0,2025.0,1,180000.0,2025-08-19 03:30:00,2025-08-19 07:30:00
IL0024210,,,,,,1,0.0,,
IL0024384,001,BUSHNELL WEST STP SSCS,Municipality,2718.0,2025.0,2,200000.0,2025-07-19 15:00:00,2025-07-26 19:00:00
IL0024384,001,BUSHNELL WEST STP SSCS,Municipality,2718.0,2026.0,2,240000.0,2026-06-17 09:00:00,2026-08-16 12:00:00
IL0024384,,,,,,1,0.0,,
IL0024465,001,ILLINOIS AMERICAN WATER - JERSEYVILLE STP SSCS,Municipality,8337.0,2025.0,7,3102000.0,2025-04-04 22:00:00,2025-07-27 23:15:00
IL0024465,001,ILLINOIS AMERICAN WATER - JERSEYVILLE STP SSCS,Municipality,8337.0,2026.0,8,1901160.0,2026-03-23 13:30:00,2026-07-25 15:30:00
IL0024465,,,,,2025.0,5,9813000.0,2025-04-05 16:00:00,2025-07-31 19:00:00
IL0024465,,,,,2026.0,2,4483996.9,2026-04-27 15:30:00,2026-05-08 13:00:00
IL0024465,,,,,,1,0.0,,
IL0024473,001,AQUA ILLINOIS - UNIVERSITY PARK WWTF SSCS,Privately Owned Facility,7145.0,2024.0,2,2515.0,2024-11-07 12:00:00,2024-11-26 14:10:00
IL0024473,001,AQUA ILLINOIS - UNIVERSITY PARK WWTF SSCS,Privately Owned Facility,7145.0,2025.0,4,1000.0,2025-01-29 12:00:00,2025-02-04 15:00:00
IL0024473,001,AQUA ILLINOIS - UNIVERSITY PARK WWTF SSCS,Privately Owned Facility,7145.0,2026.0,12,246865.0,2026-02-08 14:30:00,2026-08-25 21:00:00
IL0024473,,,,,,5,0.0,,
IL0025089,001,"MANTENO STW, VILLAGE OF SSCS",Municipality,9210.0,2025.0,3,576.6,2025-05-15 18:30:00,2025-12-25 10:00:00
IL0025097,001,"ATWOOD STP, VILLAGE OF SSCS",Municipality,1116.0,2026.0,2,408000.0,2026-04-28 10:00:00,2026-04-30 13:00:00
IL0025135,001,BEARDSTOWN SD STP SSCS,Municipality,5951.0,2025.0,4,24120011.4,2025-03-04 07:30:00,2025-06-19 18:00:00
IL0025135,001,BEARDSTOWN SD STP SSCS,Municipality,5951.0,2026.0,10,66013000.0,2026-03-11 05:30:00,2026-08-16 10:30:00
IL0025178,001,"CARTERVILLE STP, CITY OF SSCS",Municipality,5848.0,2025.0,4,10100000.0,2025-05-09 12:00:00,2025-06-20 12:00:00
IL0025178,001,"CARTERVILLE STP, CITY OF SSCS",Municipality,5848.0,2026.0,1,2400000.0,2026-03-12 13:30:00,2026-03-14 13:30:00
IL0025178,,,,,,1,0.0,,
IL0025232,001,STOOKEY TOWNSHIP MAIN STP SSCS,Municipality,17500.0,2024.0,1,165000.0,2024-11-04 08:00:00,2024-11-04 14:00:00
IL0025232,001,STOOKEY TOWNSHIP MAIN STP SSCS,Municipality,17500.0,2025.0,2,1398000.0,2025-03-14 05:00:00,2025-04-06 07:00:00
IL0025291,001,"MASCOUTAH STP, CITY OF SSCS",Municipality,8754.0,2025.0,8,3846000.0,2025-04-05 03:20:00,2025-04-05 19:55:00
IL0025291,001,"MASCOUTAH STP, CITY OF SSCS",Municipality,8754.0,2026.0,1,1040.0,2026-03-05 11:00:00,2026-03-05 13:00:00
IL0025291,,,,,,1,0.0,,
IL0026298,001,"GREENVILLE STP, CITY OF SSCS",Municipality,7083.0,2026.0,1,1600000.0,2026-06-26 06:30:00,2026-06-26 09:30:00
IL0026310,001,"EDWARDSVILLE STP, CITY OF SSCS",Municipality,26808.0,2024.0,1,50400.0,2024-12-14 13:00:00,2024-12-16 08:00:00
IL0026310,001,"EDWARDSVILLE STP, CITY OF SSCS",Municipality,26808.0,2025.0,2,240000.0,2025-03-07 01:00:00,2025-03-07 21:00:00
IL0026310,001,"EDWARDSVILLE STP, CITY OF SSCS",Municipality,26808.0,2026.0,4,400000.0,2026-06-16 09:00:00,2026-08-08 02:00:00
IL0026310,,,,,2026.0,1,550.0,2026-01-06 19:30:00,2026-01-06 22:00:00
IL0026336,001,"WYOMING STP, CITY OF SSCS",Municipality,1300.0,2026.0,2,3500000.0,2026-04-02 15:00:00,2026-04-18 11:30:00
IL0026344,,,,,,1,0.0,,
IL0026352,001,CAROL STREAM WRC SSCS,Municipality,39854.0,2025.0,1,100.0,2025-12-02 01:00:00,2025-12-02 02:00:00
IL0026352,001,CAROL STREAM WRC SSCS,Municipality,39854.0,2026.0,1,100.0,2026-08-31 15:30:00,2026-08-31 16:00:00
IL0026441,,,,,,1,0.0,,
IL0026450,001,DIXON - WASTEWATER TREATMENT PLANT SSCS,Municipality,15274.0,2025.0,2,600.0,2025-04-03 21:30:00,2025-04-18 14:00:00
IL0026450,001,DIXON - WASTEWATER TREATMENT PLANT SSCS,Municipality,15274.0,2026.0,1,500.0,2026-05-08 13:00:00,2026-05-08 17:00:00
IL0026522,001,"FRANKLIN GROVE STP, VILLAGE OF SSCS",Municipality,896.0,2026.0,1,0.0,2026-05-07 08:00:00,2026-05-07 10:00:00
IL0026701,001,TRENTON STP SSCS,Municipality,2690.0,2025.0,4,6900000.0,2025-04-04 23:00:00,2025-07-19 21:00:00
IL0026701,001,TRENTON STP SSCS,Municipality,2690.0,2026.0,1,330000.0,2026-02-14 21:00:00,2026-02-15 10:35:00
IL0026859,001,SCOTT AIR FORCE BASE STP SSCS,Federal Facility (U.S. Government),33333.0,2026.0,2,7150.0,2026-01-13 11:00:00,2026-05-14 15:00:00
IL0027201,001,FOUR RIVERS SANITATION AUTHORITY STP SSCS,Municipality,242750.0,2024.0,2,2800.0,2024-12-30 12:30:00,2024-12-30 16:30:00
IL0027201,001,FOUR RIVERS SANITATION AUTHORITY STP SSCS,Municipality,242750.0,2025.0,41,613148.0,2025-01-06 12:50:00,2025-12-23 18:26:00
IL0027201,001,FOUR RIVERS SANITATION AUTHORITY STP SSCS,Municipality,242750.0,2026.0,37,117937.6,2026-01-02 18:49:00,2026-08-21 02:45:00
IL0027341,001,"MT. VERNON STP, CITY OF SSCS",Municipality,14600.0,2024.0,1,500.0,2024-12-16 07:00:00,2024-12-16 12:00:00
IL0027341,001,"MT. VERNON STP, CITY OF SSCS",Municipality,14600.0,2025.0,17,4300.0,2025-03-23 12:00:00,2025-06-06 16:25:00
IL0027341,001,"MT. VERNON STP, CITY OF SSCS",Municipality,14600.0,2026.0,1,0.0,2026-03-05 12:00:00,
IL0027367,001,A.J. LAROCCA WASTEWATER TREATMENT FACILITY SSCS,Municipality,12000.0,2025.0,3,600.0,2025-08-19 02:00:00,2025-08-19 03:00:00
IL0027464,001,"ALTON STP, CITY OF SSCS",Municipality,25676.0,2024.0,12,35016.6,2024-11-04 22:00:00,2024-11-05 15:00:00
IL0027464,001,"ALTON STP, CITY OF SSCS",Municipality,25676.0,2025.0,15,1177760.0,2025-02-14 09:00:00,2025-07-21 11:30:00
IL0027464,001,"ALTON STP, CITY OF SSCS",Municipality,25676.0,2026.0,2,5100.0,2026-06-21 18:00:00,2026-09-08 13:00:00
IL0027464,,,,,2025.0,1,7200000.0,2025-04-04 23:00:00,2025-04-05 23:00:00
IL0027570,,,,,2025.0,1,240000.0,2025-04-24 05:00:00,2025-04-25 21:00:00
IL0027839,,,,,,1,0.0,,
IL0027871,,,,,,1,0.0,,
IL0027898,001,"CARBONDALE SOUTHEAST STP, CITY OF  SSCS",Municipality,21857.0,2024.0,1,280000.0,2024-11-14 15:00:00,2024-11-17 15:30:00
IL0027901,001,"CARLYLE STP, CITY OF  SSCS",Municipality,3253.0,2025.0,3,511800.0,2025-04-05 06:00:00,2025-05-10 19:00:00
IL0027910,001,"CARMI STP, CITY OF SSCS",Municipality,4865.0,2024.0,7,16120.0,2024-12-16 09:00:00,2024-12-17 16:00:00
IL0027910,001,"CARMI STP, CITY OF SSCS",Municipality,4865.0,2025.0,16,76849.2,2025-04-04 12:00:00,2025-06-05 19:20:00
IL0027910,001,"CARMI STP, CITY OF SSCS",Municipality,4865.0,2026.0,2,8100.0,2026-05-04 08:00:00,2026-08-17 11:00:00
IL0027944,001,"CARPENTERSVILLE MAIN STP, VILLAGE OF SSCS",Municipality,37983.0,2025.0,1,2000.0,2025-09-01 11:00:00,2025-09-02 22:30:00
IL0027979,001,"CENTRALIA STP, CITY OF SSCS",Municipality,12182.0,2026.0,2,102000.0,2026-02-27 16:30:00,2026-03-02 19:00:00
IL0028061,001,MWRDGC CALUMET WRP SSCS,Municipality,984013.0,2025.0,1,2169000.0,2025-04-02 16:15:00,2025-04-03 04:30:00
IL0028061,001,MWRDGC CALUMET WRP SSCS,Municipality,984013.0,2026.0,2,116400.0,2026-06-25 01:30:00,2026-07-27 23:36:00
IL0028061,,,,,2026.0,1,20700.0,2026-01-09 03:15:00,2026-01-09 07:30:00
IL0028177,,,,,,2,0.0,,
IL0028215,001,COLLINSVILLE STP SSCS,Municipality,24366.0,2025.0,2,14600.0,2025-06-16 20:00:00,2025-11-26 18:30:00
IL0028215,,,,,2026.0,1,13559202.0,2026-05-04 12:00:00,2026-05-08 22:00:00
IL0028215,,,,,,1,0.0,,
IL0028282,001,"CRYSTAL LAKE WWTP #2, CITY OF  SSCS",Municipality,7700.0,2025.0,1,1000.0,2025-09-23 19:30:00,2025-09-23 23:00:00
IL0028321,001,SANITARY DISTRICT OF DECATUR MAIN STP SSCS,Municipality,70522.0,2025.0,1,70.0,2025-07-09 14:32:00,2025-07-09 15:55:00
IL0028347,001,DEERFIELD WRF SSCS,Municipality,20400.0,2025.0,4,103000.0,2025-02-14 05:45:00,2025-02-18 15:10:00
IL0028380,001,DOWNERS GROVE S.D. - WASTEWATER TREATMENT CENTER S,Municipality,65000.0,2025.0,5,39100.0,2025-02-25 20:16:00,2025-08-19 08:15:00
IL0028380,001,DOWNERS GROVE S.D. - WASTEWATER TREATMENT CENTER S,Municipality,65000.0,2026.0,9,83150.0,2026-03-16 02:30:00,2026-08-11 17:31:00
IL0028398,,,,,,1,0.0,,
IL0028517,001,"DUQUOIN STP, CITY OF SSCS",Municipality,5827.0,2024.0,16,19280.0,2024-12-16 09:00:00,2024-12-29 19:15:00
IL0028517,001,"DUQUOIN STP, CITY OF SSCS",Municipality,5827.0,2025.0,39,1048082.0,2025-02-07 10:30:00,2025-12-24 15:00:00
IL0028517,001,"DUQUOIN STP, CITY OF SSCS",Municipality,5827.0,2026.0,6,72513.6,2026-03-07 13:56:00,2026-09-08 20:00:00
IL0028517,,,,,2025.0,1,832.0,2025-04-05 17:30:00,2025-04-07 17:30:00
IL0028541,001,"EAST DUNDEE WWTP, VILLAGE OF SSCS",Municipality,3152.0,2025.0,1,60.0,2025-06-16 20:05:00,2025-06-16 20:20:00
IL0028550,001,EAST MOLINE REGIONAL WWTP SSCS,Municipality,21374.0,2025.0,6,7200.0,2025-03-13 15:45:00,2025-06-27 13:45:00
IL0028550,,,,,2026.0,1,350000.0,2026-03-13 09:30:00,2026-03-13 11:30:00
IL0028550,,,,,,2,0.0,,
IL0028576,001,EAST PEORIA STP #1 SSCS,Municipality,24200.0,2026.0,1,4000.0,2026-06-17 17:00:00,2026-06-18 05:00:00
IL0028592,001,METRO EAST FACILITY SANITARY DISTRICT CSO - SCSS,Municipality,999.0,2025.0,3,4050.0,2025-04-10 19:00:00,2025-04-22 21:30:00
IL0028592,001,METRO EAST FACILITY SANITARY DISTRICT CSO - SCSS,Municipality,999.0,2026.0,1,8000.0,2026-01-29 19:43:00,2026-01-30 03:00:00
IL0028592,001,METRO EAST FACILITY SANITARY DISTRICT SSCS,Municipality,999.0,2025.0,3,10125.0,2025-04-10 19:00:00,2025-04-22 21:30:00
IL0028592,001,METRO EAST FACILITY SANITARY DISTRICT SSCS,Municipality,999.0,2026.0,1,20000.0,2026-01-29 19:43:00,2026-01-30 03:00:00
IL0028592,001,METRO EAST FACILITY SANITARY DISTRICT SSCS,Privately Owned Facility,999.0,2025.0,3,2025.0,2025-04-10 19:00:00,2025-04-22 21:30:00
IL0028592,001,METRO EAST FACILITY SANITARY DISTRICT SSCS,Privately Owned Facility,999.0,2026.0,1,4000.0,2026-01-29 19:43:00,2026-01-30 03:00:00
IL0028592,,,,,2026.0,1,1.0,2026-02-14 11:00:00,2026-02-17 21:00:00
IL0028657,001,FOX RIVER WRD - ALBIN D PAGORSKI WRF SSCS,Municipality,141095.0,2025.0,2,715000.0,2025-07-14 16:13:00,2025-11-10 22:23:00
IL0028746,001,"ELMHURST STP, CITY OF SSCS",Municipality,45786.0,2025.0,3,30781.0,2025-10-19 10:07:00,2025-10-19 14:17:00
IL0028746,001,"ELMHURST STP, CITY OF SSCS",Municipality,45786.0,2026.0,4,49900.0,2026-01-24 01:05:00,2026-08-04 16:00:00
IL0028916,001,"GERMANTOWN HILLS STP, VILLAGE OF SSCS",Municipality,3412.0,2025.0,1,2000.0,2025-11-27 14:30:00,2025-11-27 16:30:00
IL0028967,001,GLENDALE HEIGHTS - WWTP SSCS,Municipality,33176.0,2025.0,8,1672.6,2025-01-16 17:30:00,2025-10-17 23:30:00
IL0028967,001,GLENDALE HEIGHTS - WWTP SSCS,Municipality,33176.0,2026.0,6,9890.4,2026-02-10 12:00:00,2026-08-01 15:00:00
IL0029165,,,,,,1,0.0,,
IL0029173,,,,,2025.0,2,2094000.0,2025-04-05 01:00:00,2025-04-06 02:00:00
IL0029203,001,HILLSBORO STP SSCS,Municipality,5902.0,2026.0,2,3000.0,2026-01-05 16:00:00,2026-01-09 03:40:00
IL0029238,001,"HUNTLEY EAST WWTP, VILLAGE OF SSCS",Municipality,27740.0,2026.0,2,2400.0,2026-07-30 15:00:00,2026-09-01 00:30:00
IL0029343,001,KEWANEE STP SSCS,Municipality,12509.0,2025.0,1,360.0,2025-08-13 15:57:00,2025-08-13 18:30:00
IL0029343,,,,,2026.0,1,900.0,2026-01-21 18:00:00,2026-01-21 21:00:00
IL0029424,001,LASALLE WASTEWATER TREATMENT PLANT - SOUTH SSCS,Municipality,9582.0,2025.0,3,2144736.0,2025-04-16 17:00:00,2025-09-18 20:30:00
IL0029467,001,"LAWRENCEVILLE STP, CITY OF SSCS",Municipality,4164.0,2025.0,19,1808.0,2025-07-28 13:00:00,2025-12-19 19:00:00
IL0029467,001,"LAWRENCEVILLE STP, CITY OF SSCS",Municipality,4164.0,2026.0,36,94530.0,2026-01-06 15:00:00,2026-08-21 19:56:00
IL0029467,,,,,2025.0,1,6204345.0,2025-10-20 11:15:00,2025-10-28 13:30:00
IL0029467,,,,,2026.0,1,2.4,2026-05-04 17:00:00,2026-05-05 17:00:00
IL0029467,,,,,,1,0.0,,
IL0029483,001,"LEBANON STP, CITY OF ",Municipality,4400.0,2024.0,1,51600.0,2024-11-04 16:15:00,2024-11-04 18:30:00
IL0029483,001,"LEBANON STP, CITY OF ",Municipality,4400.0,2025.0,18,2939100.0,2025-03-16 03:30:00,2025-07-21 15:00:00
IL0029483,001,"LEBANON STP, CITY OF ",Municipality,4400.0,2026.0,1,24000.0,2026-04-28 05:00:00,2026-04-28 20:00:00
IL0029483,,,,,,1,0.0,,
IL0029530,001,"LIBERTYVILLE STP, VILLAGE OF SSCS",Municipality,20579.0,2024.0,4,800.0,2024-12-30 08:00:00,2024-12-30 11:00:00
IL0029564,001,"LINCOLN STP, CITY OF SSCS",Municipality,13288.0,2026.0,4,1400.0,2026-04-01 12:00:00,2026-04-02 17:00:00
IL0029688,001,"MACOMB STP, CITY OF SSCS",Municipality,15051.0,2025.0,3,108000.0,2025-03-20 05:30:00,2025-07-29 17:30:00
IL0029688,001,"MACOMB STP, CITY OF SSCS",Municipality,15051.0,2026.0,8,238485.6,2026-02-09 15:00:00,2026-08-26 15:00:00
IL0029734,001,"MARION WRF, CITY OF SSCS",Municipality,17762.0,2024.0,25,2349000.0,2024-12-16 09:00:00,2024-12-29 14:00:00
IL0029734,001,"MARION WRF, CITY OF SSCS",Municipality,17762.0,2025.0,54,7943966.0,2025-01-30 03:00:00,2025-09-22 14:00:00
IL0029734,001,"MARION WRF, CITY OF SSCS",Municipality,17762.0,2026.0,24,1477362.0,2026-03-04 10:00:00,2026-08-06 23:00:00
IL0029874,001,"METROPOLIS STP, CITY OF SSCS",Municipality,5969.0,2024.0,4,4623748.4,2024-12-27 02:50:00,2024-12-30 09:05:00
IL0029874,001,"METROPOLIS STP, CITY OF SSCS",Municipality,5969.0,2025.0,19,38096959.0,2025-01-05 06:00:00,2025-11-22 10:50:00
IL0029939,001,MOLINE SOUTH SLOPE STP SSCS,Municipality,42985.0,2025.0,8,38688.0,2025-01-31 09:40:00,2025-10-16 17:35:00
IL0029939,001,MOLINE SOUTH SLOPE STP SSCS,Municipality,42985.0,2026.0,3,90016.6,2026-01-11 18:23:00,2026-06-22 01:30:00
IL0029939,,,,,,2,0.0,,
IL0029947,001,MOLINE - NORTH SLOPE STP SSCS,Municipality,42985.0,2025.0,1,41.0,2025-07-18 16:04:00,2025-07-18 16:45:00
IL0029947,001,MOLINE - NORTH SLOPE STP SSCS,Municipality,42985.0,2026.0,8,15930.0,2026-04-07 10:30:00,2026-06-29 20:30:00
IL0029980,001,"MONTICELLO STP, CITY OF SSCS",Municipality,5941.0,2025.0,2,1400.0,2025-05-06 12:00:00,2025-12-05 09:30:00
IL0030023,001,"MOUNT CARMEL STP, CITY OF SSCS",Municipality,7015.0,2024.0,6,981000.0,2024-12-16 05:30:00,2024-12-29 20:00:00
IL0030023,001,"MOUNT CARMEL STP, CITY OF SSCS",Municipality,7015.0,2025.0,4,271800.0,2025-02-15 06:00:00,2025-04-07 12:00:00
IL0030023,001,"MOUNT CARMEL STP, CITY OF SSCS",Municipality,7015.0,2026.0,14,156760.0,2026-03-11 12:00:00,2026-06-28 13:00:00
IL0030155,001,"NORRIS CITY STP, VILLAGE OF SSCS",Municipality,4333.0,2026.0,2,200.0,2026-04-30 09:00:00,2026-05-01 17:00:00
IL0030171,001,NSWRD - CLAVEY ROAD WATER RECLAMATION FACILITY  SS,Municipality,67544.0,2025.0,1,1000.0,2025-08-27 14:30:00,2025-08-27 14:35:00
IL0030244,001,NSWRD-WAUKEGAN WATER RECLAMATION FACILITY SSCS,Municipality,117542.0,2026.0,1,300.0,2026-04-21 08:20:00,2026-04-21 09:00:00
IL0030503,001,QUINCY WASTEWATER TREATMENT FACILITY SSCS,Municipality,39463.0,2025.0,4,3200.0,2025-05-20 04:30:00,2025-11-14 20:00:00
IL0030503,001,QUINCY WASTEWATER TREATMENT FACILITY SSCS,Municipality,39463.0,2026.0,5,265000.0,2026-03-12 14:00:00,2026-07-01 13:00:00
IL0030627,001,AQUA ILLINOIS - PEOTONE STP SSCS,Municipality,4150.0,2025.0,5,12016.0,2025-01-24 10:00:00,2025-12-28 11:19:00
IL0030627,001,AQUA ILLINOIS - PEOTONE STP SSCS,Municipality,4150.0,2026.0,2,2100.0,2026-03-11 15:00:00,2026-07-15 23:00:00
IL0030627,,,,,,1,0.0,,
IL0030686,001,PITTSFIELD STP SSCS,Municipality,4206.0,2025.0,2,1200.0,2025-06-04 12:15:00,2025-06-24 00:13:00
IL0030686,001,PITTSFIELD STP SSCS,Municipality,4206.0,2026.0,2,900.0,2026-01-03 12:00:00,2026-07-24 00:00:00
IL0030732,001,"ROBINSON WWTP, CITY OF SSCS",Municipality,7150.0,2025.0,5,6532.0,2025-01-06 15:20:00,2025-04-07 13:00:00
IL0030741,001,"ROCHELLE WATER RECLAMATION, CITY OF SSCS",Municipality,9446.0,2025.0,1,200.0,2025-08-15 14:50:00,2025-08-15 22:00:00
IL0030741,001,"ROCHELLE WATER RECLAMATION, CITY OF SSCS",Municipality,9446.0,2026.0,1,100.0,2026-01-27 13:00:00,2026-01-27 18:00:00
IL0030741,,,,,2025.0,1,366000.0,2025-04-01 12:00:00,2025-08-01 12:00:00
IL0030741,,,,,2026.0,1,108000.0,2026-04-02 22:50:00,2026-04-03 08:00:00
IL0030741,,,,,,1,0.0,,
IL0030783,001,"ROCK ISLAND MAIN STP, CITY OF SSCS",Municipality,39083.0,2025.0,1,10000.0,2025-03-11 15:00:00,2025-03-11 18:00:00
IL0030783,001,"ROCK ISLAND MAIN STP, CITY OF SSCS",Municipality,39083.0,2026.0,6,6620.0,2026-04-03 14:00:00,2026-08-27 15:30:00
IL0030813,001,"ROSELLE - J.L. DEVLIN WWTP, VILLAGE OF SSCS",Municipality,11500.0,2026.0,1,200.0,2026-07-24 22:00:00,2026-07-25 01:00:00
IL0031160,001,"SPARTA - SOUTHEAST STP, CITY OF SSCS",Municipality,4095.0,2024.0,1,360000.0,2024-11-04 11:00:00,2024-11-04 16:00:00
IL0031160,001,"SPARTA - SOUTHEAST STP, CITY OF SSCS",Municipality,4095.0,2025.0,2,423600.0,2025-04-05 00:00:00,2025-04-05 11:00:00
IL0031232,001,"STAUNTON STP, CITY OF SSCS",Municipality,5054.0,2025.0,1,4000.0,2025-05-15 19:30:00,2025-05-16 01:00:00
IL0031356,001,CHRISTIAN COUNTY WRD STP SSCS,Municipality,34032.0,2025.0,1,0.6,2025-07-08 23:15:00,2025-07-09 02:00:00
IL0031356,001,CHRISTIAN COUNTY WRD STP SSCS,Municipality,34032.0,2026.0,3,13.8,2026-04-28 01:00:00,2026-06-11 09:15:00
IL0031429,,,,,2026.0,1,80000.0,2026-04-06 16:45:00,2026-04-06 20:15:00
IL0031429,,,,,,3,0.0,,
IL0031453,,,,,2026.0,1,72000.0,2026-03-05 03:50:00,2026-03-05 11:20:00
IL0031488,001,"TROY STP, CITY OF SSCS",Municipality,10960.0,2024.0,1,80000.0,2024-12-04 19:00:00,2024-12-04 21:00:00
IL0031488,001,"TROY STP, CITY OF SSCS",Municipality,10960.0,2025.0,2,8640000.0,2025-04-04 23:00:00,2025-04-07 11:00:00
IL0031488,001,"TROY STP, CITY OF SSCS",Municipality,10960.0,2026.0,1,50000.0,2026-09-08 16:00:00,2026-09-08 21:30:00
IL0031488,,,,,2024.0,2,1194000.0,2024-11-05 03:00:00,2024-11-05 15:30:00
IL0031488,,,,,2025.0,12,5644500.0,2025-04-04 23:00:00,2025-07-21 17:40:00
IL0031500,001,URBANA & CHAMPAIGN SD-NE PLANT SSCS,Municipality,104711.0,2026.0,2,100200.0,2026-02-27 14:48:00,2026-04-28 02:27:00
IL0031500,,,,,2026.0,1,15000.0,2026-08-23 16:30:00,2026-08-23 16:45:00
IL0031500,,,,,,2,0.0,,
IL0031526,001,URBANA-CHAMPAIGN SD - SOUTHWEST STP SSCS,Municipality,55682.0,2024.0,1,100.0,2024-12-19 09:00:00,2024-12-19 09:20:00
IL0031593,001,"VIENNA STP, CITY OF  SSCS",Municipality,1343.0,2026.0,1,6000.0,2026-04-13 14:30:00,2026-04-13 15:00:00
IL0031704,001,"WEST FRANKFORT STP, CITY OF SSCS",Municipality,7275.0,2025.0,4,180000.0,2025-02-15 15:00:00,2025-02-16 02:00:00
IL0031704,,,,,,2,0.0,,
IL0031721,001,WBSD WASTEWATER TREATMENT PLANT SSCS,Municipality,12833.0,2025.0,1,2000.0,2025-10-06 19:00:00,2025-10-06 21:00:00
IL0031721,,,,,2026.0,1,200.0,2026-08-05 11:00:00,2026-08-05 13:00:00
IL0031739,001,WHEATON SANITARY DISTRICT WWTF SSCS,Municipality,62000.0,2025.0,2,12000.0,2025-01-31 10:15:00,2025-01-31 12:35:00
IL0031739,001,WHEATON SANITARY DISTRICT WWTF SSCS,Municipality,62000.0,2026.0,2,13700.0,2026-01-09 02:50:00,2026-01-12 17:00:00
IL0031798,001,AQUA ILLINOIS-WILLOWBROOK STP SSCS,"Mixed Ownership (e.g., Public/Private)",8333.0,2026.0,4,9100.0,2026-01-01 18:00:00,2026-08-25 17:10:00
IL0031798,,,,,,1,0.0,,
IL0031852,001,"WOOD RIVER, CITY OF SSCS",Municipality,10464.0,2024.0,4,2232000.0,2024-12-29 00:00:00,2024-12-31 02:00:00
IL0031852,001,"WOOD RIVER, CITY OF SSCS",Municipality,10464.0,2025.0,45,178064000.0,2025-01-30 11:15:00,2025-12-18 13:45:00
IL0031852,001,"WOOD RIVER, CITY OF SSCS",Municipality,10464.0,2026.0,25,132936000.0,2026-02-14 19:30:00,2026-08-17 06:45:00
IL0031861,,,,,,1,0.0,,
IL0031933,001,NORTHERN MORAINE WW RECLAMATION DIST WWTP SSCS,Municipality,15500.0,2024.0,1,1000.0,2024-12-19 14:45:00,2024-12-19 15:25:00
IL0031933,001,NORTHERN MORAINE WW RECLAMATION DIST WWTP SSCS,Municipality,15500.0,2025.0,1,2000.0,2025-05-25 15:15:00,2025-05-25 15:45:00
IL0031933,001,NORTHERN MORAINE WW RECLAMATION DIST WWTP SSCS,Municipality,15500.0,2026.0,1,1000.0,2026-04-02 20:00:00,2026-04-02 21:10:00
IL0031984,001,IL AMERICAN WTR COMPANY-CHICKSAW HILLS WRF SSCS,Privately Owned Facility,7000.0,2025.0,1,2400.0,2025-06-26 17:30:00,2025-06-26 19:30:00
IL0031984,001,IL AMERICAN WTR COMPANY-CHICKSAW HILLS WRF SSCS,Privately Owned Facility,7000.0,2026.0,1,1000.0,2026-01-09 12:00:00,2026-01-09 15:00:00
IL0032310,001,"FREEBURG WEST STP, VILLAGE OF SSCS",Municipality,4582.0,2025.0,3,8000.0,2025-04-05 02:15:00,2025-09-03 02:15:00
IL0032603,001,"NEW BADEN STP, VILLAGE OF  SSCS",Municipality,3428.0,2025.0,1,500.0,2025-07-15 17:00:00,2025-07-19 22:00:00
IL0032689,001,BOLINGBROOK STP #1 SSCS,Municipality,10500.0,2025.0,1,20.0,2025-06-25 18:43:00,2025-06-25 19:50:00
IL0032689,001,BOLINGBROOK STP #1 SSCS,Municipality,10500.0,2026.0,5,54904.0,2026-03-23 19:30:00,2026-08-21 11:00:00
IL0032760,001,ILLINOIS AMERICAN WATER COMPANY SSCS,Privately Owned Facility,16667.0,2025.0,4,37980.0,2025-10-22 02:15:00,2025-12-23 11:00:00
IL0033171,001,CHAPIN STP SSCS,Municipality,1667.0,2026.0,2,11250.0,2026-04-27 19:45:00,2026-04-28 11:30:00
IL0033481,001,"GRANITE CITY WWTP, CITY OF SSCS",Municipality,27549.0,2025.0,24,16394198.8,2025-04-04 21:00:00,2025-12-11 13:00:00
IL0033481,001,"GRANITE CITY WWTP, CITY OF SSCS",Municipality,27549.0,2026.0,12,7382.0,2026-01-28 17:00:00,2026-08-07 18:00:00
IL0033481,,,,,2025.0,2,1205800.0,2025-01-30 18:00:00,2025-12-03 21:00:00
IL0033481,,,,,2026.0,3,3000002.0,2026-04-07 13:00:00,2026-09-22 21:00:00
IL0033481,,,,,,1,0.0,,
IL0033618,001,"VILLA PARK WET WEATHER STP, VILLAGE OF SSCS",Municipality,22263.0,2026.0,4,9400.0,2026-03-16 01:00:00,2026-08-01 14:30:00
IL0033618,,,,,2026.0,1,500.0,2026-01-10 01:00:00,2026-01-10 03:30:00
IL0033618,,,,,,3,0.0,,
IL0034207,001,ILLINOIS AMERICAN WATER - ROSICLARE WWTP SSCS,Municipality,980.0,2024.0,4,177000.0,2024-12-16 10:48:00,2024-12-29 14:00:00
IL0034207,001,ILLINOIS AMERICAN WATER - ROSICLARE WWTP SSCS,Municipality,980.0,2025.0,23,674650.6,2025-01-05 12:20:00,2025-10-07 13:24:00
IL0034207,001,ILLINOIS AMERICAN WATER - ROSICLARE WWTP SSCS,Municipality,980.0,2026.0,7,128133.4,2026-03-05 02:00:00,2026-07-27 10:32:00
IL0034479,001,"HANOVER PARK STP #1, VLLAGE OF SSCS",Municipality,17400.0,2024.0,4,100.2,2024-11-18 19:00:00,2024-12-31 11:15:00
IL0034479,001,"HANOVER PARK STP #1, VLLAGE OF SSCS",Municipality,17400.0,2025.0,4,60.0,2025-04-02 16:00:00,2025-12-29 09:20:00
IL0034479,001,"HANOVER PARK STP #1, VLLAGE OF SSCS",Municipality,17400.0,2026.0,1,20.0,2026-01-09 03:02:00,2026-01-09 04:08:00
IL0034495,001,PEKIN STP #1 SSCS,Municipality,31731.0,2025.0,54,92003284.0,2025-03-04 11:00:00,2025-12-28 15:45:00
IL0034495,001,PEKIN STP #1 SSCS,Municipality,31731.0,2026.0,73,221500000.0,2026-01-08 22:30:00,2026-08-15 11:00:00
IL0035084,001,"CASEY - NORTHEAST STP, CITY OF SSCS",Municipality,2404.0,2026.0,2,61500.0,2026-02-15 14:00:00,2026-04-28 14:30:00
IL0035084,,,,,,1,0.0,,
IL0035092,001,NSWRD-GURNEE WATER RECLAMATION FACILITY SSCS,Municipality,116601.0,2026.0,1,100.0,2026-04-15 07:00:00,2026-04-15 16:30:00
IL0036421,001,ILLINOIS AMERICAN WATER-GODFREY WASTEWATER SSCS,Municipality,17825.0,2025.0,6,117000.0,2025-04-04 23:00:00,2025-04-20 05:30:00
IL0036421,001,ILLINOIS AMERICAN WATER-GODFREY WASTEWATER SSCS,Municipality,17825.0,2026.0,1,400.0,2026-01-13 19:30:00,2026-01-13 20:30:00
IL0036421,,,,,,1,0.0,,
IL0037800,001,"PEORIA CSOS, CITY OF SSCS",Municipality,999.0,2025.0,1,800000.0,2025-10-28 01:20:00,2025-10-28 09:45:00
IL0037800,001,"PEORIA CSOS, CITY OF SSCS",Municipality,999.0,2026.0,2,362000.0,2026-03-12 21:20:00,2026-03-13 21:50:00
IL0037818,,,,,2025.0,1,0.2,2025-06-18 19:00:00,2025-06-18 20:00:00
IL0041335,001,"NEW MINDEN STP, VILLAGE OF SSCS",Municipality,175.0,2025.0,1,1600.0,2025-05-16 23:00:00,2025-05-20 17:30:00
IL0041491,,,,,,1,0.0,,
IL0042412,001,WASHINGTON STP #2 SSCS,Municipality,15200.0,2025.0,1,144000.0,2025-07-07 13:00:00,2025-07-07 16:30:00
IL0042412,001,WASHINGTON STP #2 SSCS,Municipality,15200.0,2026.0,6,195016.6,2026-06-17 15:02:00,2026-06-17 19:30:00
IL0044792,001,"DIETERICH STP, VILLAGE OF SSCS",Municipality,890.0,2025.0,1,1000.0,2025-08-27 00:30:00,2025-08-27 13:00:00
IL0045381,001,CAMELOT UTILITIES STP SSCS,Privately Owned Facility,1667.0,2026.0,1,5000.0,2026-06-22 08:00:00,2026-06-22 10:00:00
IL0045993,001,ILLINOIS - AMERICAN WATER COMPANY- DERBY MEADOWS W,Privately Owned Facility,15000.0,2025.0,1,175.0,2025-06-11 17:00:00,2025-06-11 19:30:00
IL0046141,001,SANGAMON VALLEY PWD STP SSCS,Municipality,6667.0,2025.0,1,200.0,2025-04-16 17:00:00,2025-04-16 23:00:00
IL0046213,001,EAST PEORIA #3 STP SSCS,Municipality,2200.0,2025.0,1,20000.0,2025-12-17 18:30:00,2025-12-18 15:00:00
IL0047741,001,MWRDGC- JAMES KIRIE WRP SSCS,Municipality,269816.0,2026.0,1,26000.0,2026-04-15 03:00:00,2026-04-15 03:30:00
IL0048232,001,ST. CLAIR TOWNSHIP LINCOLNSHIRE STP SSCS,Municipality,35758.0,2024.0,1,63000.0,2024-11-04 17:00:00,2024-11-04 18:30:00
IL0048232,001,ST. CLAIR TOWNSHIP LINCOLNSHIRE STP SSCS,Municipality,35758.0,2025.0,3,792000.0,2025-04-05 05:30:00,2025-04-06 13:30:00
IL0048518,001,"AURORA, CITY OF SSCS",Municipality,999.0,2025.0,6,1626.6,2025-03-04 20:30:00,2025-12-07 03:25:00
IL0048518,001,"AURORA, CITY OF SSCS",Municipality,999.0,2026.0,8,1050.0,2026-01-09 01:00:00,2026-07-03 07:30:00
IL0048518,,,,,,1,0.0,,
IL0048526,001,ROMEOVILLE WASTEWATER TREATMENT FACILITY SSCS,Municipality,39863.0,2026.0,3,51000.0,2026-01-16 12:00:00,2026-07-07 00:00:00
IL0048577,001,WASHINGTON COUNTY CONSERVATION AREA -STP SSCS,State Government,250.0,2026.0,1,100.0,2026-05-28 20:00:00,
IL0048721,001,ROSELLE-J. BOTTERMAN STP SSCS,Municipality,7500.0,2024.0,1,400.0,2024-11-05 09:30:00,2024-11-05 10:30:00
IL0048755,001,"OLNEY STP, CITY OF SSCS",Municipality,8701.0,2025.0,8,45034.6,2025-04-05 10:00:00,2025-04-21 17:00:00
IL0049522,001,"BEECHER STP, VILLAGE OF SSCS",Municipality,4713.0,2025.0,9,3000.0,2025-03-04 01:30:00,2025-03-10 17:00:00
IL0050156,001,"FILLMORE STP, VILLAGE OF SSCS",Municipality,305.0,2026.0,1,4000.0,2026-01-21 05:00:00,2026-01-21 15:00:00
IL0050202,001,AQUA ILLINOIS - PLUM CREEK STP SSCS,Privately Owned Facility,5000.0,2024.0,1,60.0,2024-12-09 14:20:00,2024-12-09 15:30:00
IL0050202,001,AQUA ILLINOIS - PLUM CREEK STP SSCS,Privately Owned Facility,5000.0,2025.0,3,8640.0,2025-03-28 21:30:00,2025-08-17 22:30:00
IL0050202,001,AQUA ILLINOIS - PLUM CREEK STP SSCS,Privately Owned Facility,5000.0,2026.0,3,43520.0,2026-03-20 15:00:00,2026-08-01 19:00:00
IL0050202,,,,,,2,0.0,,
IL0050717,001,AQUA ILLINOIS - GRANT PARK STP SSCS,Municipality,1294.0,2025.0,2,33500.0,2025-03-04 19:30:00,2025-07-30 21:00:00
IL0053201,001,LAKE IROQUOIS SUBDIVISION STP SSCS,Privately Owned Facility,1200.0,2025.0,1,200.0,2025-06-01 15:00:00,2025-06-01 17:00:00
IL0055182,001,"GENOA STP, CITY OF SSCS",Municipality,5298.0,2025.0,2,800.0,2025-01-23 13:00:00,2025-01-23 15:45:00
IL0055344,001,INDIAN COVE SUBDIVISION STP SSCS,Privately Owned Facility,550.0,2024.0,1,15540.0,2024-12-17 12:30:00,2024-12-17 15:30:00
IL0055344,001,INDIAN COVE SUBDIVISION STP SSCS,Privately Owned Facility,550.0,2026.0,1,2000.0,2026-02-17 20:00:00,2026-02-17 22:00:00
IL0055581,001,"CAVE IN ROCK STP, VILLAGE OF SSCS",Municipality,228.0,2025.0,1,1000.0,2025-05-31 01:30:00,2025-05-31 14:00:00
IL0055981,001,IL AMERICAN WTR COMPANY-OAK VALLEY WRF SSCS,Privately Owned Facility,6700.0,2026.0,1,20.0,2026-08-12 04:00:00,2026-08-12 06:00:00
IL0059005,001,ILLINOIS AMERICAN WATER - VILLA GROVE STP SSCS,Municipality,2472.0,2024.0,1,1208.6,2024-11-07 08:44:00,2024-11-08 14:57:00
IL0059005,001,ILLINOIS AMERICAN WATER - VILLA GROVE STP SSCS,Municipality,2472.0,2025.0,2,2000.0,2025-03-04 13:00:00,2025-03-04 18:15:00
IL0061085,001,GALENA TERRITORY UTILITIES INC STP SSCS,Privately Owned Facility,3333.0,2025.0,2,3000.0,2025-02-01 12:40:00,2025-02-03 14:50:00
IL0061255,001,"CAMBRIDGE STP, VILLAGE OF SSCS",Municipality,2086.0,2026.0,19,15413000.0,2026-06-07 14:30:00,2026-08-17 12:30:00
IL0061344,001,IDOC - CENTRALIA CORRECTIONAL CENTER STP SSCS,State Government,3900.0,2026.0,1,20000.0,2026-01-25 17:00:00,2026-01-26 15:05:00
IL0063096,001,EJ WATER CORPORATION - MONTROSE STP SSCS,Municipality,210.0,2026.0,1,50.0,2026-04-06 10:30:00,2026-04-06 10:50:00
IL0064998,,,,,,2,0.0,,
IL0065145,001,SAUGET-ABRTF SSCS,Municipality,141.0,2025.0,1,1568616.0,2025-03-15 04:08:00,2025-03-15 07:33:00
IL0065145,001,SAUGET-ABRTF SSCS,Municipality,141.0,2026.0,1,3000000.0,2026-01-09 01:13:00,2026-01-09 05:00:00
IL0065188,001,DUPAGE COUNTY PUBLIC WORKS KNOLLWOOD STP SSCS,Municipality,70000.0,2025.0,1,7.0,2025-12-16 15:00:00,2025-12-16 20:00:00
IL0065188,,,,,,2,0.0,,
IL0066257,001,MCHENRY - SOUTH WWTP SSCS,Municipality,27135.0,2026.0,1,7000.0,2026-01-14 20:00:00,2026-01-15 15:00:00
IL0067903,001,Axium Foods SSCS,Corporation,0.0,2024.0,1,8000.0,2024-12-09 06:30:00,2024-12-09 06:30:00
IL0068764,001,"GILBERTS WWTP, VILLAGE OF SSCS",Municipality,8366.0,2025.0,1,20.0,2025-10-28 23:30:00,2025-10-30 15:00:00
IL0070505,001,"ELGIN, CITY OF SSCS",Municipality,999.0,2024.0,1,440.0,2024-12-04 15:00:00,2024-12-05 13:00:00
IL0070505,001,"ELGIN, CITY OF SSCS",Municipality,999.0,2026.0,1,360.0,2026-04-22 18:04:00,2026-04-22 18:40:00
IL0070874,001,PORT BARRINGTON SHORES STP SSCS,Privately Owned Facility,200.0,2025.0,1,996.0,2025-08-27 23:00:00,2025-08-28 02:00:00
IL0071773,001,"GERMANTOWN HILLS STP #2, VILLAGE OF SSCS",Municipality,3412.0,2025.0,1,5040.0,2025-05-04 20:45:00,2025-05-04 23:30:00
IL0071773,001,"GERMANTOWN HILLS STP #2, VILLAGE OF SSCS",Municipality,3412.0,2026.0,2,1100.0,2026-01-13 22:00:00,2026-03-08 21:10:00
IL0071978,001,"EDDYVILLE STP, VILLAGE OF SSCS",Municipality,99.0,2025.0,14,6660.0,2025-04-12 14:00:00,2025-12-17 21:00:00
IL0072001,001,BLOOMINGTON CSOS SSCS,Municipality,999.0,2025.0,3,1054000.0,2025-02-23 09:15:00,2025-09-24 15:00:00
IL0072931,001,CHESTER STP SSCS,Municipality,6814.0,2024.0,1,150000.0,2024-11-04 23:30:00,2024-11-05 01:30:00
IL0072931,001,CHESTER STP SSCS,Municipality,6814.0,2025.0,9,59300.0,2025-03-15 00:30:00,2025-11-01 04:00:00
IL0072931,001,CHESTER STP SSCS,Municipality,6814.0,2026.0,5,18220.0,2026-01-06 21:00:00,2026-08-10 21:30:00
IL0073504,,,,,,1,0.0,,
IL0073610,001,LAWRENCE COUNTY STP SSCS,State Government,5000.0,2025.0,1,10000.0,2025-12-09 15:46:00,2025-12-09 16:46:00
IL0074250,001,"ELIZABETHTOWN STP, VILLAGE OF SSCS",Municipality,220.0,2026.0,1,1000.0,2026-04-24 14:00:00,2026-04-28 17:00:00
IL0075191,001,GALENA SOUTH WWTF SSCS,Municipality,3429.0,2025.0,2,130.0,2025-03-14 20:00:00,2025-09-25 12:30:00
IL0075191,001,GALENA SOUTH WWTF SSCS,Municipality,3429.0,2026.0,1,30.0,2026-05-08 13:00:00,2026-05-08 13:25:00
IL0077356,001,ROXANA STP SSCS,Municipality,1454.0,2024.0,1,14850.0,2024-11-05 10:40:00,2024-11-05 13:40:00
IL0077551,001,"WATERLOO STP, CITY OF  SSCS",Municipality,11013.0,2026.0,1,19000.0,2026-07-31 16:30:00,2026-07-31 17:30:00
IL0079073,001,"ITASCA, VILLAGE OF - PROSPECT AVENUE WWTP SSCS",Municipality,9543.0,2025.0,2,533.2,2025-12-24 12:45:00,2025-12-24 18:45:00
IL0079073,001,"ITASCA, VILLAGE OF - PROSPECT AVENUE WWTP SSCS",Municipality,9543.0,2026.0,2,180.0,2026-03-23 13:00:00,2026-06-03 22:00:00
IL0080128,001,"ALTO PASS STP, VILLAGE OF SSCS",Municipality,319.0,2025.0,1,200.0,2025-06-11 14:40:00,2025-06-12 18:15:00
IL0080128,001,"ALTO PASS STP, VILLAGE OF SSCS",Municipality,319.0,2026.0,1,80.0,2026-03-05 14:45:00,2026-03-05 15:15:00
IL0080128,,,,,2025.0,1,100.0,2025-05-08 13:00:00,2025-05-09 15:11:00
ILG551009,001,PHEASANT LAKE ESTATES MHP SSCS,Privately Owned Facility,2753.0,2026.0,2,450.0,2026-07-27 21:30:00,2026-08-11 20:00:00
ILG551104,001,IAW - HARDIN - STP SSCS,Privately Owned Facility,801.0,2025.0,9,134600.0,2025-02-25 09:00:00,2025-12-09 14:00:00
ILG551104,001,IAW - HARDIN - STP SSCS,Privately Owned Facility,801.0,2026.0,2,167200.0,2026-01-29 15:45:00,2026-07-18 03:20:00
ILG580010,001,"POCAHONTAS STP, VILLAGE OF SSCS",Municipality,697.0,2025.0,1,46000.0,2025-04-06 01:19:00,2025-04-06 11:12:00
ILG580019,,,,,,1,0.0,,
ILG580033,001,"TAMMS STP, VILLAGE OF SSCS",Municipality,430.0,2026.0,1,300.0,2026-02-03 21:00:00,2026-02-04 12:00:00
ILG580033,,,,,2026.0,1,110.0,2026-02-07 22:00:00,
ILG580034,001,"PALESTINE STP, VILLAGE OF SSCS",Municipality,1233.0,2024.0,1,150.0,2024-10-16 16:00:00,2024-10-16 17:30:00
ILG580039,,,,,,1,0.0,,
ILG580044,,,,,,1,0.0,,
ILG580052,001,"OLMSTED STP, VILLAGE OF SSCS",Municipality,285.0,2025.0,3,345000.0,2025-04-06 17:00:00,2025-04-07 16:00:00
ILG580052,001,"OLMSTED STP, VILLAGE OF SSCS",Municipality,285.0,2026.0,1,100.0,2026-03-26 14:00:00,2026-03-30 18:00:00
ILG580052,,,,,2026.0,1,1350000.0,2026-07-10 15:30:00,2026-07-12 03:00:00
ILG580053,001,LAKE OF EGYPT SEWER DISTRICT STP SSCS,Municipality,3750.0,2025.0,1,2000.0,2025-08-04 21:50:00,2025-08-04 22:50:00
ILG580053,001,LAKE OF EGYPT SEWER DISTRICT STP SSCS,Municipality,3750.0,2026.0,1,6000.0,2026-06-03 11:00:00,2026-06-03 20:00:00
ILG580055,001,"HARRISTOWN STP, VILLAGE OF SSCS",Municipality,1310.0,2025.0,1,26250.0,2025-08-13 00:00:00,2025-08-13 01:15:00
ILG580056,001,"WATSON WTP, VILLAGE OF SSCS",Municipality,668.0,2025.0,1,400.0,2025-12-17 09:00:00,2025-12-17 11:00:00
ILG580078,,,,,,2,0.0,,
ILG580093,,,,,,2,0.0,,
ILG580098,001,"MINIER-STP, VILLAGE OF SSCS",Municipality,1154.0,2026.0,2,4200250.0,2026-03-12 19:00:00,2026-08-17 03:00:00
ILG580115,001,"LIVINGSTON WWTP, VILLAGE OF SSCS",Municipality,763.0,2025.0,3,14040.0,2025-04-04 22:00:00,2025-05-28 17:30:00
ILG580115,001,"LIVINGSTON WWTP, VILLAGE OF SSCS",Municipality,763.0,2026.0,2,17500.0,2026-04-27 21:00:00,2026-06-08 14:45:00
ILG580129,001,"BELLE RIVE STP, VILLAGE OF SSCS",Municipality,309.0,2025.0,7,0.0,2025-09-25 09:00:00,
ILG580142,,,,,,1,0.0,,
ILG580148,001,"AVA STP, CITY OF SSCS",Municipality,553.0,2025.0,1,20000.0,2025-04-03 16:00:00,2025-04-06 20:00:00
ILG580189,001,"HANOVER STP, VILLAGE OF SSCS",Municipality,863.0,2025.0,2,297000.0,2025-07-28 13:15:00,2025-07-30 21:30:00
ILG580211,001,"CROSSVILLE STP, VILLAGE OF SSCS",Municipality,623.0,2026.0,1,8.0,2026-08-26 14:00:00,
ILG580215,001,"WEST CITY STP, VILLAGE OF SSCS",Municipality,656.0,2025.0,3,10000.0,2025-04-30 09:00:00,2025-12-16 13:00:00
ILG580217,001,"HOPKINS PARK WTP, VILLAGE OF SSCS",Municipality,597.0,2025.0,3,39600.0,2025-02-18 07:45:00,2025-08-05 15:30:00
ILG580217,001,"HOPKINS PARK WTP, VILLAGE OF SSCS",Municipality,597.0,2026.0,1,10000.0,2026-01-07 09:45:00,2026-01-07 18:00:00
ILG580231,001,"MARIETTA STP, VILLAGE OF SSCS",Municipality,101.0,2026.0,1,48960.0,2026-06-12 07:00:00,2026-06-13 07:00:00
ILG580240,001,"STRASBURG STP, VILLAGE OF SSCS",Municipality,531.0,2026.0,4,66400.0,2026-04-04 10:30:00,2026-06-22 11:05:00
ILG580253,001,"THEBES STP, VILLAGE OF SSCS",Municipality,208.0,2025.0,5,14970.4,2025-07-10 17:00:00,2025-12-21 14:00:00
ILG580258,,,,,2026.0,1,150.0,2026-04-03 14:30:00,2026-04-08 16:30:00
ILG580268,001,"OKAWVILLE STP, VILLAGE OF SSCS",Municipality,1369.0,2025.0,3,1239531.2,2025-04-04 13:00:00,2025-04-05 14:30:00
ILG580268,,,,,2025.0,7,439193.9,2025-04-05 00:40:00,2025-05-08 23:02:00
ILG580268,,,,,2026.0,2,82505.0,2026-06-27 18:30:00,2026-06-27 21:03:00
ILG582003,001,"MOUNDS STP, CITY OF SSCS",Municipality,661.0,2025.0,4,23430000.0,2025-04-05 14:00:00,2025-04-16 21:15:00
ILG582003,001,"MOUNDS STP, CITY OF SSCS",Municipality,661.0,2026.0,12,10615770.8,2026-03-05 15:00:00,2026-07-11 22:30:00
ILG582003,,,,,2026.0,1,8645000.0,2026-07-11 03:40:00,2026-07-14 14:00:00
ILG582004,001,"VIRGINIA STP, CITY OF SSCS",Municipality,1514.0,2025.0,2,10100.0,2025-02-03 13:00:00,2025-02-26 20:00:00
ILG582005,001,"EL PASO STP, CITY OF SSCS",Municipality,2756.0,2025.0,2,172000.0,2025-02-11 08:00:00,2025-02-13 11:00:00
ILG582007,001,"MCLEANSBORO STP, VILLAGE OF SSCS",Municipality,2675.0,2024.0,2,0.0,2024-12-30 10:00:00,2024-12-30 12:00:00
ILG582008,001,"ROSEVILLE STP, VILLAGE OF SSCS",Municipality,7607.0,2025.0,1,72000.0,2025-07-26 12:30:00,2025-07-26 15:30:00
ILG582021,,,,,,1,0.0,,
IN0032867,,,,,2026.0,1,5055000.0,2026-08-12 21:30:00,2026-08-13 14:55:00
KY0020010,,,,,2025.0,1,0.0,2025-12-23 13:15:00,2025-12-23 13:40:00
KY0020010,,,,,2026.0,1,0.0,2026-01-08 10:00:00,2026-01-08 12:30:00
KY0020150,,,,,2025.0,1,13950.0,2025-12-22 16:45:00,2025-12-23 16:00:00
KY0020877,,,,,2025.0,1,0.0,2025-12-25 17:30:00,2025-12-26 12:00:00
KY0020931,,,,,2025.0,1,0.0,2025-12-22 10:30:00,2025-12-22 12:00:00
KY0021164,,,,,2026.0,1,0.0,2026-01-08 09:00:00,2026-01-08 11:00:00
KY0021466,,,,,2025.0,2,221100.0,2025-12-18 12:00:00,2025-12-19 02:49:00
KY0021504,,,,,2025.0,2,58508.0,2025-12-19 00:20:00,2025-12-19 05:10:00
KY0022373,,,,,2025.0,2,0.0,2025-12-17 14:40:00,2025-12-27 14:30:00
KY0022373,,,,,2026.0,1,0.0,2026-01-06 08:28:00,2026-01-06 09:41:00
KY0022411,,,,,2026.0,1,2000.0,2026-01-05 21:25:00,2026-01-05 22:45:00
KY0022861,,,,,2025.0,1,0.0,2025-12-22 12:30:00,2025-12-22 13:30:00
KY0022934,,,,,2025.0,1,2000.0,2025-12-21 07:00:00,2025-12-21 09:30:00
KY0023540,,,,,2025.0,1,0.0,2025-12-31 07:00:00,2025-12-31 16:00:00
KY0024414,,,,,2025.0,1,0.0,2025-12-15 10:00:00,2025-12-15 11:00:00
KY0024783,,,,,2025.0,1,4000.0,2025-12-18 00:00:00,2025-12-19 00:00:00
KY0025909,,,,,2026.0,1,1500.0,2026-01-02 16:43:00,2026-01-03 02:13:00
KY0026093,,,,,2026.0,1,0.0,2026-01-08 08:30:00,2026-01-08 14:00:00
KY0028142,,,,,2025.0,1,30000.0,2025-12-26 11:48:00,2025-12-29 14:43:00
KY0028312,,,,,2025.0,1,200.0,2025-12-21 13:00:00,2025-12-21 15:30:00
KY0034185,,,,,2025.0,1,230900.0,2025-12-18 19:10:00,2025-12-20 14:45:00
KY0037991,,,,,2026.0,1,50.0,2026-01-05 09:30:00,2026-01-05 10:00:00
KY0043478,,,,,2025.0,1,0.0,2025-12-10 14:30:00,2025-12-12 13:00:00
KY0057193,,,,,2025.0,1,0.0,2025-12-19 07:19:00,2025-12-20 09:00:00
KY0065897,,,,,2025.0,1,0.0,2025-12-19 06:40:00,2025-12-20 06:00:00
KY0072885,,,,,2025.0,1,0.0,2025-12-29 14:00:00,2025-12-29 15:05:00
KY0079898,,,,,2025.0,1,0.0,2025-12-27 08:00:00,2025-12-27 11:00:00
KY0090956,,,,,2025.0,1,120.0,2025-12-31 14:00:00,2025-12-31 16:00:00
KY0094307,,,,,2025.0,1,55000.0,2025-12-18 20:05:00,2025-12-20 06:24:00
KY0097837,,,,,2025.0,2,1000.0,2025-12-20 16:00:00,2025-12-28 18:40:00
KY0098540,,,,,2026.0,1,250.0,2026-01-01 18:35:00,2026-01-01 18:21:00
KY0100404,,,,,2025.0,1,8100.0,2025-12-19 01:00:00,2025-12-19 14:30:00
KY0102784,,,,,2025.0,1,1000.0,2025-12-24 14:35:00,2025-12-24 14:45:00
KY0104442,,,,,2025.0,1,0.0,2025-12-19 11:05:00,2025-12-19 23:00:00
KY0106143,,,,,2025.0,1,161700.0,2025-12-19 08:57:00,2025-12-19 09:02:00
KY0106283,,,,,2025.0,1,0.0,2025-12-23 15:30:00,2025-12-31 12:00:00
KYG200034,,,,,2025.0,1,0.0,2025-12-22 12:30:00,2025-12-22 13:30:00
KYP000073,,,,,2025.0,1,0.0,2025-12-19 13:30:00,2025-12-20 00:00:00
KYR003103,,,,,2025.0,1,0.0,2025-12-08 12:00:00,2026-01-08 15:45:00
MA0100218,001,Amherst Sewer Collection System,Municipality,999.0,2023.0,1,200.0,2023-11-04 14:00:00,2023-11-04 16:10:00
MA0100218,001,Amherst Sewer Collection System,Municipality,999.0,2024.0,6,104280.0,2024-01-10 02:35:00,2024-03-11 04:30:00
MA0103284,,,,,2026.0,5,38370000.0,2026-03-16 09:36:00,2026-07-22 03:02:00
MN0061310,,,,,,1,0.0,,
MS0020117,001,Meridian Sanitary Sewer Collection System,Municipality,40094.0,2026.0,52,8244365.8,2026-01-09 21:50:00,2026-08-17 13:00:00
MS0020117,,,,,2026.0,5,4055124.0,2026-05-02 11:00:00,2026-07-27 15:00:00
MS0020176,001,Laurel Number 2 Sanitary Sewer Collection System,Municipality,1000.0,2026.0,2,73000.0,2026-07-23 13:00:00,2026-07-23 19:40:00
MS0020176,,,,,2026.0,1,28170000.0,2026-06-18 11:45:00,2026-07-01 12:45:00
MS0020184,001,Greenville Sanitary Sewer Collection System,Municipality,32612.0,2026.0,16,8481.2,2026-01-20 14:30:00,2026-05-21 16:00:00
MS0020249,001,Pascagoula Sanitary Sewer Collection System,Municipality,1000.0,2026.0,6,1358620.0,2026-05-10 04:00:00,2026-07-06 16:00:00
MS0020249,002,Moss Point Sanitary Sewer Collection System,Municipality,1000.0,2026.0,1,50.0,2026-09-11 13:06:00,2026-09-11 13:45:00
MS0020249,,,,,,1,0.0,,
MS0020303,002,Petal Sanitary Sewer Collection System,Municipality,1000.0,2026.0,2,300.0,2026-07-21 11:45:00,2026-08-07 14:30:00
MS0020303,,,,,,1,0.0,,
MS0020494,001,Poplarville Sanitary Sewer Collection System,Municipality,1000.0,2026.0,3,420000.0,2026-05-25 11:30:00,2026-05-25 21:30:00
MS0020567,,,,,2026.0,2,180000.0,2026-03-18 12:00:00,2026-03-19 21:00:00
MS0020818,001,Gloster Sanitary Sewer Collection System,Municipality,1142.0,2026.0,1,36.0,2026-03-08 00:00:00,2026-03-08 02:00:00
MS0020826,001,Hattiesburg North Sanitary Sewer Collection System,Municipality,1000.0,2026.0,1,3000.0,2026-01-09 08:51:00,2026-01-09 09:51:00
MS0021156,001,Philadelphia Sanitary Sewer Collection System,Municipality,7399.0,2026.0,1,14300.0,2026-07-28 15:30:00,2026-07-29 15:20:00
MS0021521,001,Escatawpa Sanitary Sewer Collection System,Municipality,1000.0,2026.0,18,1197450.0,2026-05-09 23:00:00,2026-07-31 00:59:00
MS0021555,,,,,2026.0,1,11975.0,2026-05-07 09:30:00,2026-05-12 09:15:00
MS0022381,,,,,2026.0,21,21700658.4,2026-01-10 11:00:00,2026-07-05 07:00:00
MS0023159,001,East Biloxi Sanitary Sewer Collection System,Municipality,1000.0,2026.0,1,270000.0,2026-06-18 15:30:00,2026-06-18 17:00:00
MS0023230,,,,,,1,0.0,,
MS0023761,001,Collins Sanitary Sewer Collection System,Municipality,2557.0,2026.0,1,4000.0,2026-03-11 05:00:00,2026-03-11 17:00:00
MS0023922,001,Hazlehurst Activated Sludge Sanitary Sewer Collect,Municipality,1000.0,2026.0,2,60000.0,2026-01-08 15:11:00,2026-01-09 22:00:00
MS0024147,001,Brookhaven Sanitary Sewer Collection System,Municipality,11674.0,2026.0,1,50000.0,2026-05-07 14:00:00,2026-05-08 15:00:00
MS0024163,001,Laurel Number 1 Sanitary Sewer Collection System,Municipality,1000.0,2026.0,13,237100.0,2026-05-25 17:00:00,2026-08-04 12:45:00
MS0024163,,,,,2026.0,1,28237500.0,2026-06-18 11:00:00,2026-07-01 12:45:00
MS0024295,001,Jackson Sanitary Sewer Collection System,Municipality,1000.0,2026.0,135,70283985.0,2026-02-07 18:57:00,2026-09-05 23:05:00
MS0024295,002,Ridgeland Sanitary Sewer Collection System,Municipality,1000.0,2026.0,2,12000.0,2026-03-07 18:00:00,2026-04-25 21:00:00
MS0024295,,,,,,1,0.0,,
MS0024848,001,Bassfield Sanitary Sewer Collection System,Municipality,276.0,2026.0,1,86400.0,2026-03-12 03:00:00,2026-03-17 19:00:00
MS0024848,,,,,,1,0.0,,
MS0024953,001,Shaw Sanitary Sewer Collection System,Municipality,1955.0,2026.0,5,2000000.0,2026-07-07 15:00:00,2026-07-24 17:00:00
MS0029033,001,Prentiss Sanitary Sewer Collection System,Municipality,1370.0,2026.0,1,2000.0,2026-01-26 11:50:00,2026-01-26 13:30:00
MS0029513,001,Olive Branch Sanitary Sewer Collection System,Municipality,1000.0,2026.0,6,221214.0,2026-01-15 14:30:00,2026-09-01 19:00:00
MS0029513,,,,,2026.0,1,3240.0,2026-03-16 11:15:00,2026-03-16 20:15:00
MS0029513,,,,,,1,0.0,,
MS0030333,001,West Biloxi Sanitary Sewer Collection System,Municipality,1000.0,2026.0,2,440000.0,2026-06-18 15:00:00,2026-08-02 20:30:00
MS0033596,001,Brooksville Sanitary Sewer Collection System,Municipality,1032.0,2026.0,1,1200.0,2026-05-27 21:00:00,2026-05-27 22:30:00
MS0033961,001,Rienzi Sanitary Sewer Collection System,Municipality,283.0,2026.0,1,666.6,2026-07-21 12:00:00,2026-07-21 12:20:00
MS0036145,001,Starkville Sanitary Sewer Collection System,Municipality,25011.0,2026.0,2,1260.0,2026-01-09 12:00:00,2026-01-14 18:00:00
MS0036234,001,Morton Sanitary Sewer Collection System,Municipality,3430.0,2026.0,2,210042.4,2026-03-31 11:12:00,2026-03-31 14:44:00
MS0042161,001,Picayune Sanitary Sewer Collection System,Municipality,1000.0,2026.0,1,240000.0,2026-05-28 20:00:00,2026-06-01 12:00:00
MS0042161,,,,,,2,0.0,,
MS0042455,001,Canton  Sanitary Sewer Collection System,Municipality,1000.0,2026.0,3,100012400.0,2026-07-28 02:00:00,2026-08-28 15:30:00
MS0043010,001,Gautier  Sanitary Sewer Collection System,Municipality,1000.0,2026.0,2,40000.0,2026-06-15 08:30:00,2026-08-25 20:30:00
MS0043010,,,,,2026.0,1,24000.0,2026-06-15 09:00:00,2026-06-15 13:00:00
MS0043141,001,Long Beach Sanitary Sewer Collection System,Municipality,1000.0,2026.0,3,139000.0,2026-06-18 10:20:00,2026-08-29 13:45:00
MS0043478,001,BOGUE CHITTO SSCS,Tribal Government,1455.0,2024.0,5,269540.0,2024-01-11 15:00:00,2024-06-04 15:31:00
MS0043494,001,STANDING PINE SSCS,Tribal Government,227.0,2023.0,1,8400.0,2023-11-14 08:00:00,2023-11-14 15:00:00
MS0044059,001,Jackson Sanitary Sewer Collection System,Municipality,1000.0,2026.0,5,1034166.8,2026-05-19 17:30:00,2026-08-12 22:30:00
MS0044059,002,Byram Sanitary Sewer Collection System,Municipality,1000.0,2026.0,2,31000.0,2026-05-20 16:00:00,2026-09-02 19:30:00
MS0044504,001,Lucedale Sanitary Sewer Collection System,Municipality,3025.0,2026.0,2,3080.0,2026-03-10 20:00:00,2026-05-18 23:00:00
MS0044504,,,,,,1,0.0,,
MS0045446,001,Ocena Springs Sanitary Sewer Collection System,Municipality,1000.0,2026.0,123,10222900.0,2026-05-11 13:00:00,2026-06-22 14:00:00
MS0045446,002,West Jackson Co utility Sanitary Sewer Collection ,Municipality,1000.0,2026.0,2,5794080.0,2026-05-22 22:00:00,2026-05-26 08:00:00
MS0045446,003,JCUA Sanitary Sewer Collection System,Municipality,1000.0,2026.0,16,255660.0,2026-05-04 11:30:00,2026-08-31 16:00:00
MS0045446,,,,,2026.0,7,151475449.2,2026-03-08 09:00:00,2026-07-14 01:00:00
MS0051756,001,Gulfport Sanitary Sewer Collection System,Municipality,1000.0,2026.0,2,240400.0,2026-06-18 13:00:00,2026-06-30 22:20:00
MS0057011,001,HCUA Tradition Sanitary Sewer Collection System,Municipality,1000.0,2026.0,2,474000.0,2026-06-18 13:00:00,2026-06-18 22:00:00
MS0057011,,,,,,1,0.0,,
MS0060011,001,Sherman Sanitary Sewer Collection System,Municipality,806.0,2026.0,2,85111.6,2026-01-13 17:00:00,2026-01-28 20:00:00
MS0061191,,,,,,1,0.0,,
MS0061204,001,HCUA South Woolmarket Sanitary Sewer Collection Sy,Municipality,1000.0,2026.0,1,12.0,2026-06-15 08:00:00,2026-06-15 10:00:00
NC0052469,001,CHEROKEE SSCS,Tribal Government,9000.0,2026.0,3,12225.0,2026-03-05 17:30:00,2026-08-29 01:24:00
NE0020915,001,Beatrice Sanitary Sewer System,Municipality,12459.0,2025.0,1,7920.0,2025-06-09 14:00:00,2025-06-09 19:00:00
NE0021148,001,Falls City Sanitary Sewer System,Municipality,4325.0,2024.0,4,192030.0,2024-05-30 23:00:00,2024-10-18 11:30:00
NE0021148,001,Falls City Sanitary Sewer System,Municipality,4325.0,2025.0,4,26600.0,2025-06-29 15:00:00,2025-07-24 17:45:00
NE0021148,,,,,,1,0.0,,
NE0021199,001,David City Sanitary Sewer System,Municipality,2906.0,2024.0,1,432000.0,2024-06-26 01:00:00,2024-06-26 13:00:00
NE0021199,,,,,2024.0,2,15549237.0,2024-05-21 03:00:00,2024-05-31 20:00:00
NE0021245,001,Nebraska City Sanitary Sewer System,Municipality,7289.0,2025.0,1,16230.0,2025-08-24 05:00:00,2025-08-29 20:15:00
NE0021245,,,,,2023.0,1,400000.0,2023-04-19 23:00:00,2023-04-20 08:00:00
NE0021245,,,,,2026.0,2,1596000.0,2026-03-06 23:30:00,2026-06-11 09:00:00
NE0021504,001,McCook Sanitary Sewer System,Municipality,7698.0,2026.0,1,100.0,2026-04-10 01:00:00,2026-04-10 02:40:00
NE0021504,,,,,2023.0,1,1000000.0,2023-05-26 10:30:00,2023-05-26 17:00:00
NE0021504,,,,,2025.0,1,1180000.0,2025-09-16 22:30:00,2025-09-18 00:30:00
NE0023876,001,Seward Sanitary Sewer System,Municipality,6964.0,2024.0,4,2400.0,2024-10-08 09:15:00,2024-12-18 14:15:00
NE0023876,001,Seward Sanitary Sewer System,Municipality,6964.0,2025.0,9,23280.0,2025-02-19 10:00:00,2025-10-07 21:15:00
NE0023876,001,Seward Sanitary Sewer System,Municipality,6964.0,2026.0,3,5200.0,2026-01-13 19:45:00,2026-07-23 15:10:00
NE0023965,,,,,2025.0,1,300000.0,2025-09-21 05:00:00,2025-09-22 18:00:00
NE0027324,001,St Paul Sanitary Sewer System,Municipality,2362.0,2025.0,3,500.0,2025-03-14 14:30:00,2025-11-27 11:00:00
NE0031844,001,Humboldt Sanitary Sewer System,Municipality,863.0,2023.0,1,18000.0,2023-05-05 10:00:00,2023-05-05 22:00:00
NE0032891,001,North Platte Sanitary Sewer System,Municipality,23892.0,2026.0,1,66000.0,2026-03-02 17:30:00,2026-03-03 15:46:00
NE0034304,001,Crete Sanitary Sewer System,Municipality,7043.0,2024.0,1,40800.0,2024-06-05 13:00:00,2024-06-07 16:00:00
NE0036358,001,Omaha CSO Sanitary Sewer System (Missouri River),Municipality,100000.0,2025.0,3,8500.0,2025-10-23 16:00:00,2025-11-13 15:00:00
NE0036358,001,Omaha CSO Sanitary Sewer System (Missouri River),Municipality,100000.0,2026.0,7,84304.0,2026-01-23 22:45:00,2026-08-20 22:30:00
NE0040932,001,York Sanitary Sewer System,Municipality,7841.0,2025.0,2,7200.0,2025-02-05 11:54:00,2025-02-05 14:30:00
NE0043702,001,Grand Island Sanitary Sewer System,Municipality,51147.0,2023.0,2,60.0,2023-04-25 10:00:00,2023-04-30 22:00:00
NE0043702,001,Grand Island Sanitary Sewer System,Municipality,51147.0,2024.0,4,36.0,2024-06-04 08:37:00,2024-08-13 23:30:00
NE0043702,001,Grand Island Sanitary Sewer System,Municipality,51147.0,2025.0,11,130.0,2025-02-07 06:39:00,2025-12-17 20:00:00
NE0043702,001,Grand Island Sanitary Sewer System,Municipality,51147.0,2026.0,5,50.0,2026-01-19 21:20:00,2026-08-28 22:00:00
NE0043702,,,,,,1,0.0,,
NE0045101,001,Clatonia Sanitary Sewer System,Municipality,462.0,2026.0,1,200.0,2026-03-30 17:00:00,2026-03-30 17:00:00
NE0045101,,,,,2025.0,1,5000.0,2025-07-19 21:19:00,2025-07-19 22:00:00
NE0046272,001,Prague Sanitary Sewer System,Municipality,345.0,2026.0,1,10000.0,2026-03-03 17:00:00,2026-03-04 17:00:00
NE0112488,001,Lincoln Northeast Sanitary Sewer System,Municipality,36632.0,2025.0,5,350.0,2025-08-12 05:00:00,2025-12-14 14:00:00
NE0112810,001,Omaha CSO Sanitary Sewer System (Papillion Creek),Municipality,350000.0,2023.0,8,1875.6,2023-01-31 11:30:00,2023-05-23 17:15:00
NE0112810,001,Omaha CSO Sanitary Sewer System (Papillion Creek),Municipality,350000.0,2025.0,19,124812.0,2025-07-09 12:00:00,2025-12-22 00:00:00
NE0112810,001,Omaha CSO Sanitary Sewer System (Papillion Creek),Municipality,350000.0,2026.0,44,93423.0,2026-01-06 17:26:00,2026-09-11 14:35:00
NE0132632,001,Hanson's Lake-SID No 101,Municipality,720.0,2025.0,1,2000.0,2025-07-07 14:15:00,2025-07-07 14:45:00
NE0133680,001,Omaha CSO Sanitary Sewer System (Missouri River),Municipality,100000.0,2023.0,4,79800.0,2023-02-08 09:00:00,2023-04-14 21:15:00
NE0133680,001,Omaha CSO Sanitary Sewer System (Missouri River),Municipality,100000.0,2025.0,3,4948.0,2025-07-25 18:00:00,2025-10-06 08:30:00
NE0133680,002,Omaha CSO Sanitary Sewer System (Papillion Creek),Municipality,350000.0,2026.0,1,1200.0,2026-03-05 12:10:00,2026-03-05 13:20:00
NE0139611,001,Verdigre Sanitary Sewer System,Municipality,527.0,2022.0,1,300.0,2022-04-15 17:00:00,2022-04-15 19:30:00
NH0100129,001,HOOKSETT SANITARY SEWER SYSTEM,Municipality,999.0,2022.0,1,1000.0,2022-05-05 16:00:00,2022-05-05 19:30:00
NH0100129,001,HOOKSETT SANITARY SEWER SYSTEM,Municipality,999.0,2023.0,1,6000.0,2023-12-18 10:00:00,2023-12-18 17:00:00
NH0100129,,,,,,1,0.0,,
NH0100153,001,LITTLETON SANITARY SEWER SYSTEM,Municipality,999.0,2022.0,1,160.0,2022-09-21 14:00:00,2022-09-30 17:00:00
NH0100153,001,LITTLETON SANITARY SEWER SYSTEM,Municipality,999.0,2023.0,6,10736.0,2023-01-16 10:21:00,2023-12-13 12:00:00
NH0100161,001,MERRIMACK SANITARY SEWER SYSTEM,Municipality,999.0,2022.0,1,150.0,2022-08-16 11:30:00,2022-08-16 11:45:00
NH0100161,001,MERRIMACK SANITARY SEWER SYSTEM,Municipality,999.0,2023.0,2,1003.0,2023-03-16 10:00:00,2023-05-02 14:15:00
NH0100161,001,MERRIMACK SANITARY SEWER SYSTEM,Municipality,999.0,2024.0,5,22701.0,2024-01-22 07:30:00,2024-04-30 13:21:00
NH0100161,001,MERRIMACK SANITARY SEWER SYSTEM,Municipality,999.0,2025.0,1,200.0,2025-04-28 16:30:00,2025-04-28 19:00:00
NH0100161,001,MERRIMACK SANITARY SEWER SYSTEM,Municipality,999.0,2026.0,2,9456.0,2026-06-26 12:57:00,2026-06-30 13:40:00
NH0100170,001,NASHUA SANITARY SEWER SYSTEM,Municipality,999.0,2025.0,10,31061700.0,2025-08-19 14:10:00,2025-12-28 18:00:00
NH0100170,001,NASHUA SANITARY SEWER SYSTEM,Municipality,999.0,2026.0,1,40.0,2026-08-03 19:22:00,2026-08-03 19:22:00
NH0100200,001,NEWPORT SANITARY SEWER SYSTEM,Municipality,999.0,2025.0,3,300.0,2025-01-16 12:24:00,2025-05-18 17:00:00
NH0100200,001,NEWPORT SANITARY SEWER SYSTEM,Municipality,999.0,2026.0,1,100.0,2026-06-04 11:00:00,2026-06-04 13:00:00
NH0100234,001,PORTSMOUTH-PIERCE ISLAND SANITARY SEWER SYSTEM,Municipality,999.0,2025.0,1,20.0,2025-12-30 18:50:00,2025-12-30 19:50:00
NH0100234,001,PORTSMOUTH-PIERCE ISLAND SANITARY SEWER SYSTEM,Municipality,999.0,2026.0,1,2.0,2026-03-08 17:00:00,2026-03-08 17:00:00
NH0100331,001,CONCORD-PENACOOK SANITARY SEWER SYSTEM,Municipality,2500.0,2026.0,1,2000.0,2026-03-23 17:00:00,2026-03-23 17:15:00
NH0100366,001,LEBANON SANITARY SEWER SYSTEM,Municipality,7300.0,2022.0,1,20.0,2022-06-04 14:16:00,2022-06-04 14:17:00
NH0100366,001,LEBANON SANITARY SEWER SYSTEM,Municipality,7300.0,2023.0,2,220.0,2023-05-30 16:00:00,2023-09-08 11:00:00
NH0100366,001,LEBANON SANITARY SEWER SYSTEM,Municipality,7300.0,2024.0,3,72802.0,2024-07-18 09:10:00,2024-10-22 13:45:00
NH0100366,001,LEBANON SANITARY SEWER SYSTEM,Municipality,7300.0,2025.0,2,4000.0,2025-07-12 23:45:00,2025-08-12 14:20:00
NH0100366,001,LEBANON SANITARY SEWER SYSTEM,Municipality,7300.0,2026.0,1,100.0,2026-04-01 10:30:00,2026-04-01 11:30:00
NH0100447,001,MANCHESTER SANITARY SEWER SYSTEM,Municipality,999.0,2022.0,19,745001.8,2022-02-22 21:00:00,2022-12-23 15:20:00
NH0100447,001,MANCHESTER SANITARY SEWER SYSTEM,Municipality,999.0,2023.0,24,33441560.0,2023-01-26 02:10:00,2023-12-18 16:35:00
NH0100447,001,MANCHESTER SANITARY SEWER SYSTEM,Municipality,999.0,2024.0,13,228433.2,2024-01-10 02:35:00,2024-08-19 20:30:00
NH0100447,001,MANCHESTER SANITARY SEWER SYSTEM,Municipality,999.0,2025.0,14,141166.8,2025-01-03 12:59:00,2025-10-20 12:30:00
NH0100447,001,MANCHESTER SANITARY SEWER SYSTEM,Municipality,999.0,2026.0,6,102140.0,2026-04-01 03:15:00,2026-08-03 12:05:00
NH0100447,,,,,,1,0.0,,
NH0100595,001,JAFFREY SANITARY SEWER SYSTEM,Municipality,999.0,2022.0,4,9180.0,2022-03-21 06:00:00,2022-08-25 18:30:00
NH0100595,001,JAFFREY SANITARY SEWER SYSTEM,Municipality,999.0,2023.0,2,170.0,2023-01-28 00:15:00,2023-09-25 09:00:00
NH0100595,001,JAFFREY SANITARY SEWER SYSTEM,Municipality,999.0,2024.0,1,6400.0,2024-03-23 23:30:00,2024-03-24 07:30:00
NH0100595,001,JAFFREY SANITARY SEWER SYSTEM,Municipality,999.0,2026.0,2,1100.0,2026-04-15 08:35:00,2026-05-26 08:00:00
NH0100625,001,HAMPTON SANITARY SEWER SYSTEM,Municipality,999.0,2023.0,2,8000.0,2023-07-18 11:45:00,2023-07-18 12:00:00
NH0100625,001,HAMPTON SANITARY SEWER SYSTEM,Municipality,999.0,2025.0,2,142.0,2025-02-15 07:22:00,2025-02-15 09:30:00
NH0100625,001,HAMPTON SANITARY SEWER SYSTEM,Municipality,999.0,2026.0,2,340.0,2026-03-13 18:45:00,2026-06-20 10:45:00
NH0100625,,,,,,1,0.0,,
NH0100668,001,ROCHESTER SANITARY SEWER SYSTEM,Municipality,14409.0,2024.0,4,55484.0,2024-04-15 12:00:00,2024-05-02 08:30:00
NH0100765,,,,,2022.0,1,0.0,2022-12-27 06:00:00,
NH0100765,,,,,2023.0,1,4.3,2023-04-17 07:00:00,2023-04-27 10:30:00
NH0100790,001,KEENE SANITARY SEWER SYSTEM,Municipality,23000.0,2022.0,2,80.0,2022-09-12 07:45:00,2022-10-31 10:30:00
NH0100790,001,KEENE SANITARY SEWER SYSTEM,Municipality,23000.0,2023.0,2,160.0,2023-03-20 13:15:00,2023-06-08 10:00:00
NH0100790,001,KEENE SANITARY SEWER SYSTEM,Municipality,23000.0,2024.0,4,460.0,2024-04-15 16:15:00,2024-12-16 16:00:00
NH0100790,001,KEENE SANITARY SEWER SYSTEM,Municipality,23000.0,2025.0,2,120.0,2025-09-20 17:00:00,2025-11-05 19:05:00
NH0100790,001,KEENE SANITARY SEWER SYSTEM,Municipality,23000.0,2026.0,2,110.0,2026-07-24 15:10:00,2026-08-12 18:00:00
NH0100871,001,EXETER SANITARY SEWER SYSTEM,Municipality,999.0,2023.0,3,2628.2,2023-04-20 09:50:00,2023-12-27 14:30:00
NH0100871,001,EXETER SANITARY SEWER SYSTEM,Municipality,999.0,2025.0,1,16920.0,2025-09-30 12:00:00,2025-10-03 10:30:00
NH0100901,001,CONCORD-HALL STREET SANITARY SEWER SYSTEM,Municipality,999.0,2024.0,1,800.0,2024-03-13 11:00:00,2024-03-13 13:00:00
NH0100960,001,WINNIPESAUKEE RIVER BASIN PROGRAM SANITARY SEWER S,Municipality,0.0,2025.0,3,28000.0,2025-08-04 13:00:00,2025-11-29 06:00:00
NH0100960,001,WINNIPESAUKEE RIVER BASIN PROGRAM SANITARY SEWER S,Municipality,0.0,2026.0,3,2204.0,2026-02-20 00:40:00,2026-08-03 12:30:00
NH0100986,001,PITTSFIELD SANITARY SEWER SYSTEM,Municipality,999.0,2023.0,1,600.0,2023-08-17 15:35:00,2023-08-17 15:45:00
NH0101257,001,CLAREMONT SANITARY SEWER SYSTEM,Municipality,9000.0,2022.0,1,1000.0,2022-11-13 23:00:00,2022-11-14 09:38:00
NH0101303,001,SEABROOK SANITARY SEWER SYSTEM,Municipality,999.0,2023.0,1,600.0,2023-07-11 10:10:00,2023-07-11 13:00:00
NH0101303,001,SEABROOK SANITARY SEWER SYSTEM,Municipality,999.0,2024.0,2,20100.0,2024-06-11 11:00:00,2024-06-13 08:22:00
NH0101303,001,SEABROOK SANITARY SEWER SYSTEM,Municipality,999.0,2025.0,2,400000.0,2025-01-15 22:00:00,2025-01-16 14:30:00
NHC060960,001,LACONIA SANITARY SEWER SYSTEM,Municipality,16500.0,2026.0,1,2.0,2026-03-13 00:30:00,2026-03-14 03:00:00
NHC100960,001,TILTON SANITARY SEWER SYSTEM,Municipality,3551.0,2026.0,1,20.0,2026-07-02 15:22:00,2026-07-02 16:04:00
NHG580013,001,NEWMARKET SANITARY SEWER SYSTEM,Municipality,999.0,2024.0,2,1600.0,2024-08-14 00:00:00,2024-12-14 14:30:00
NHG580013,001,NEWMARKET SANITARY SEWER SYSTEM,Municipality,999.0,2025.0,3,1300.0,2025-06-23 15:30:00,2025-12-29 23:00:00
NHG580242,001,PLYMOUTH SANITARY SEWER SYSTEM,Municipality,999.0,2022.0,2,10600.0,2022-05-03 12:00:00,2022-06-08 07:00:00
NHG580242,001,PLYMOUTH SANITARY SEWER SYSTEM,Municipality,999.0,2023.0,2,24200.0,2023-05-17 11:30:00,2023-06-01 10:00:00
NHG580242,001,PLYMOUTH SANITARY SEWER SYSTEM,Municipality,999.0,2024.0,1,40.0,2024-09-06 13:00:00,2024-09-06 13:30:00
NHG580242,001,PLYMOUTH SANITARY SEWER SYSTEM,Municipality,999.0,2026.0,1,14880.0,2026-01-30 13:00:00,2026-01-31 20:00:00
NHG580315,001,COLEBROOK SANITARY SEWER SYSTEM,Municipality,1394.0,2022.0,1,50.0,2022-02-28 10:30:00,2022-02-28 10:45:00
NHG580315,001,COLEBROOK SANITARY SEWER SYSTEM,Municipality,1394.0,2024.0,2,2080.0,2024-01-09 04:30:00,2024-03-12 09:00:00
NHG581141,001,NEWINGTON SANITARY SEWER SYSTEM,Municipality,999.0,2022.0,1,0.2,2022-05-27 07:00:00,
NM0024066,001,TOWN OF TAOS WWTP SSCS,Municipality,6602.0,2026.0,2,140.0,2026-02-19 18:10:00,2026-02-21 20:00:00
NN0020265,001,CHINLE Collection System,Tribal Government,4500.0,2024.0,1,10000.0,2024-02-22 13:00:00,2024-02-22 20:00:00
NN0020265,,,,,2026.0,1,24880464.6,2026-09-15 13:00:00,2027-01-01 04:59:00
NN0020281,001,KAYENTA Collection System,Tribal Government,3666.0,2024.0,7,19710.0,2024-02-27 17:00:00,2024-09-23 01:00:00
NN0020281,001,KAYENTA Collection System,Tribal Government,3666.0,2025.0,6,8200.0,2025-01-03 06:00:00,2025-12-18 03:30:00
NN0020281,,,,,2026.0,1,92572783.3,2026-03-10 13:00:00,2027-01-01 04:59:00
NN0020290,001,TUBA CITY Collection System,Tribal Government,8660.0,2024.0,2,400.0,2024-04-24 12:00:00,2024-06-06 10:00:00
NN0020290,001,TUBA CITY Collection System,Tribal Government,8660.0,2026.0,3,31000.0,2026-06-14 15:20:00,2026-09-01 13:30:00
NN0020290,,,,,2024.0,3,46800000.0,2024-05-06 02:00:00,2024-11-02 11:00:00
NN0020290,,,,,2026.0,1,265000.0,2026-02-26 19:30:00,2026-02-28 03:30:00
NN0020621,001,SHIPROCK Collection System,Tribal Government,5783.0,2025.0,1,12000.0,2025-06-01 17:30:00,2025-06-02 05:00:00
NN0020621,,,,,2024.0,1,300000.0,2024-06-15 02:00:00,2024-06-22 11:00:00
NN0020621,,,,,2025.0,1,600000.0,2025-11-03 05:00:00,2025-11-04 19:30:00
NN0021555,001,WINDOW ROCK Collection System,Tribal Government,12234.0,2024.0,4,901218.2,2024-05-07 10:00:00,2024-07-31 15:00:00
NN0021555,001,WINDOW ROCK Collection System,Tribal Government,12234.0,2025.0,8,125632776.0,2025-01-19 10:00:00,2025-09-29 12:00:00
NN0021555,001,WINDOW ROCK Collection System,Tribal Government,12234.0,2026.0,6,33730.0,2026-03-06 14:00:00,2026-08-19 21:00:00
NN0021555,,,,,2024.0,3,1035000.0,2024-06-24 02:00:00,2024-08-11 10:00:00
NN0021555,,,,,2025.0,4,1320000.0,2025-01-01 12:00:00,2025-08-27 12:00:00
NN0021555,,,,,2026.0,2,2000000.0,2026-07-23 16:00:00,2026-09-01 11:30:00
NN0030344,001,TWIN ARROWS WWTP Collection System,Tribal Government,14800.0,2024.0,2,90000.0,2024-04-15 04:00:00,2024-08-02 11:00:00
NN0030344,001,TWIN ARROWS WWTP Collection System,Tribal Government,14800.0,2025.0,1,600.0,2025-05-10 14:30:00,2025-05-10 15:00:00
NN0030344,001,TWIN ARROWS WWTP Collection System,Tribal Government,14800.0,2026.0,1,20000.0,2026-04-30 01:30:00,2026-05-04 18:30:00
PR0020214,001,PRASA ADJUNTAS WWTP COLLECTION SYSTEM,State Government,3631.0,2026.0,1,1500.0,2026-08-18 23:40:00,2026-08-19 00:10:00
PR0020273,001,PRASA AGUAS BUENAS WWTP COLLECTION SYSTEM,State Government,4800.0,2026.0,4,530400.0,2026-03-17 17:00:00,2026-06-09 13:34:00
PR0020427,001,PRASA CIALES WWTP COLLECTION SYSTEM,State Government,6714.0,2025.0,5,10850.0,2025-08-15 15:40:00,2025-11-12 19:50:00
PR0020427,001,PRASA CIALES WWTP COLLECTION SYSTEM,State Government,6714.0,2026.0,9,23450.0,2026-01-07 20:10:00,2026-08-27 19:10:00
PR0020427,,,,,2025.0,1,298500.0,2025-11-24 14:00:00,2025-11-25 23:10:00
PR0020451,001,PRASA COROZAL WWTP COLLECTION SYSTEM,State Government,7825.0,2025.0,3,20850.0,2025-09-03 18:40:00,2025-10-07 17:47:00
PR0020451,001,PRASA COROZAL WWTP COLLECTION SYSTEM,State Government,7825.0,2026.0,8,22812.6,2026-03-24 12:30:00,2026-09-10 14:15:00
PR0020451,,,,,2025.0,1,238500.0,2025-08-18 18:30:00,2025-08-19 21:00:00
PR0020451,,,,,2026.0,4,11190.8,2026-03-17 20:30:00,2026-08-05 21:00:00
PR0020460,001,PRASA DORADO WWTP COLLECTION SYSTEM,State Government,24523.0,2025.0,19,1908000.0,2025-08-08 16:00:00,2025-12-15 18:00:00
PR0020460,001,PRASA DORADO WWTP COLLECTION SYSTEM,State Government,24523.0,2026.0,30,2277976.6,2026-01-07 18:30:00,2026-09-03 13:40:00
PR0020460,,,,,2025.0,1,21300.0,2025-10-07 13:00:00,2025-10-07 15:22:00
PR0020460,,,,,2026.0,3,7166.0,2026-02-24 06:30:00,2026-06-29 20:00:00
PR0020486,001,PRASA GUANICA WWTP COLLECTION SYSTEM,State Government,5749.0,2025.0,2,16000.0,2025-09-24 16:30:00,2025-09-26 13:30:00
PR0020575,001,PRASA LAJAS WWTP COLLECTION SYSTEM,State Government,7360.0,2025.0,5,150900.0,2025-09-26 15:59:00,2025-10-28 12:00:00
PR0020575,001,PRASA LAJAS WWTP COLLECTION SYSTEM,State Government,7360.0,2026.0,15,1283700.0,2026-01-24 21:20:00,2026-04-29 19:00:00
PR0020583,001,PRASA LAS MARIAS WWTP COLLECTION SYSTEM,State Government,2560.0,2025.0,2,129000.0,2025-09-29 13:30:00,2025-12-22 21:00:00
PR0020656,001,PRASA MAUNABO WWTP COLLECTION SYSTEM,State Government,6248.0,2025.0,2,32800.0,2025-11-13 19:00:00,2025-12-28 21:10:00
PR0020711,001,PRASA MOROVIS WWTP COLLECTION SYSTEM,State Government,11960.0,2025.0,1,2600.0,2025-10-28 09:50:00,2025-10-28 10:16:00
PR0020711,001,PRASA MOROVIS WWTP COLLECTION SYSTEM,State Government,11960.0,2026.0,6,173341.8,2026-02-03 17:42:00,2026-09-09 20:00:00
PR0020711,,,,,2025.0,4,7415508.2,2025-04-03 08:30:00,2026-06-24 19:00:00
PR0020711,,,,,2026.0,1,292000.0,2026-05-12 12:30:00,2026-05-12 18:00:00
PR0020737,001,PRASA NARANJITO WWTP COLLECTION SYSTEM,State Government,8754.0,2025.0,2,295500.0,2025-09-10 14:20:00,2025-09-15 20:30:00
PR0020737,,,,,2025.0,3,154300.0,2025-08-17 16:00:00,2025-09-12 14:20:00
PR0020737,,,,,2026.0,1,38912.5,2026-07-15 15:00:00,2026-07-21 12:30:00
PR0020745,001,PRASA OROCOVIS WWTP COLLECTION SYSTEM,State Government,1643.0,2025.0,1,31500.0,2025-08-03 12:30:00,2025-08-03 14:15:00
PR0020753,001,PRASA PATILLAS WWTP COLLECTION SYSTEM,State Government,6784.0,2025.0,13,65850.0,2025-08-14 12:00:00,2025-09-22 16:40:00
PR0020753,001,PRASA PATILLAS WWTP COLLECTION SYSTEM,State Government,6784.0,2026.0,9,99600.0,2026-01-14 19:27:00,2026-07-20 18:30:00
PR0020818,001,PRASA SAN GERMAN WWTP COLLECTION SYSTEM,State Government,17616.0,2025.0,3,15000.0,2025-10-23 12:50:00,2025-12-14 19:40:00
PR0020818,001,PRASA SAN GERMAN WWTP COLLECTION SYSTEM,State Government,17616.0,2026.0,12,972000.0,2026-01-05 23:05:00,2026-09-03 16:45:00
PR0020851,001,PRASA SAN SEBASTIAN (OLD) WWTP COLLECTION SYSTEM,State Government,6432.0,2025.0,2,24000.0,2025-10-01 19:10:00,2025-10-16 17:00:00
PR0020869,001,PRASA TOA ALTA WWTP COLLECTION SYSTEM,State Government,6357.0,2025.0,6,1244600.0,2025-08-25 14:15:00,2025-12-03 21:20:00
PR0020869,001,PRASA TOA ALTA WWTP COLLECTION SYSTEM,State Government,6357.0,2026.0,4,894640.0,2026-02-02 17:10:00,2026-09-02 15:31:00
PR0020869,,,,,2026.0,1,535.0,2026-03-19 07:50:00,2026-03-19 09:30:00
PR0020923,001,PRASA VEGA ALTA WWTP COLLECTION SYSTEM,State Government,13867.0,2025.0,14,7938975.0,2025-08-17 18:50:00,2025-12-18 21:00:00
PR0020923,001,PRASA VEGA ALTA WWTP COLLECTION SYSTEM,State Government,13867.0,2026.0,12,1975818.2,2026-01-07 16:10:00,2026-09-08 12:40:00
PR0020923,,,,,2025.0,1,25.0,2025-12-27 07:30:00,2025-12-29 16:00:00
PR0020923,,,,,2026.0,1,158265.3,2026-07-15 18:10:00,2026-07-21 18:50:00
PR0021237,001,PRASA BARCELONETA WWTP COLLECTION SYSTEM,State Government,44500.0,2025.0,12,2068183.4,2025-08-22 13:00:00,2025-12-29 16:30:00
PR0021237,001,PRASA BARCELONETA WWTP COLLECTION SYSTEM,State Government,44500.0,2026.0,11,4866300.0,2026-02-03 18:00:00,2026-09-10 12:00:00
PR0021237,,,,,2026.0,3,2007412.5,2026-06-19 17:30:00,2026-07-06 21:10:00
PR0021555,001,PRASA PUERTO NUEVO WWTP COLLECTION SYSTEM,State Government,883200.0,2025.0,11,189900.0,2025-08-29 15:30:00,2025-09-29 14:30:00
PR0021555,001,PRASA PUERTO NUEVO WWTP COLLECTION SYSTEM,State Government,883200.0,2026.0,7,23666804.4,2026-01-21 15:03:00,2026-06-16 12:30:00
PR0021563,001,PRASA PONCE WWTP COLLECTION SYSTEM,State Government,192000.0,2025.0,1,19500.0,2025-08-27 19:55:00,2025-08-27 21:00:00
PR0021563,001,PRASA PONCE WWTP COLLECTION SYSTEM,State Government,192000.0,2026.0,1,200.0,2026-03-16 16:00:00,2026-03-16 16:40:00
PR0021661,001,PRASA YAUCO WWTP COLLECTION SYSTEM,State Government,24384.0,2025.0,1,4500.0,2025-08-31 12:30:00,2025-08-31 12:45:00
PR0021661,,,,,,1,0.0,,
PR0021679,001,PRASA VEGA BAJA WWTP COLLECTION SYSTEM,State Government,37413.0,2025.0,10,96925.0,2025-08-06 16:00:00,2025-12-10 13:05:00
PR0021679,001,PRASA VEGA BAJA WWTP COLLECTION SYSTEM,State Government,37413.0,2026.0,4,975.0,2026-02-11 17:05:00,2026-08-15 18:30:00
PR0021679,,,,,2025.0,1,225.0,2025-10-20 15:00:00,
PR0021679,,,,,2026.0,2,42212.5,2026-01-22 12:30:00,2026-09-08 21:00:00
PR0021717,001,PRASA YABUCOA WWTP COLLECTION SYSTEM,State Government,9200.0,2025.0,5,1240500.0,2025-08-22 17:30:00,2025-11-04 12:20:00
PR0021717,001,PRASA YABUCOA WWTP COLLECTION SYSTEM,State Government,9200.0,2026.0,3,164400.0,2026-01-15 13:00:00,2026-06-08 19:38:00
PR0022250,001,PRASA ISABELA WWTP COLLECTION SYSTEM,State Government,20240.0,2025.0,3,42000.0,2025-09-25 15:15:00,2025-12-14 16:15:00
PR0022250,001,PRASA ISABELA WWTP COLLECTION SYSTEM,State Government,20240.0,2026.0,4,296700.0,2026-01-28 17:45:00,2026-02-06 23:15:00
PR0023710,001,PRASA ARECIBO WWTP COLLECTION SYSTEM,State Government,53319.0,2025.0,16,2789353.2,2025-08-17 14:30:00,2025-11-19 12:30:00
PR0023710,001,PRASA ARECIBO WWTP COLLECTION SYSTEM,State Government,53319.0,2026.0,26,2097769.0,2026-01-07 22:20:00,2026-09-08 18:15:00
PR0023710,,,,,2025.0,3,2358413.5,2025-10-24 07:00:00,2025-12-19 16:00:00
PR0023710,,,,,2026.0,5,374443.8,2026-02-05 11:00:00,2026-08-07 16:45:00
PR0023728,001,PRASA BAYAMON WWTP COLLECTION SYSTEM,State Government,539733.0,2025.0,10,1176300.0,2025-08-16 17:00:00,2025-11-26 10:30:00
PR0023728,001,PRASA BAYAMON WWTP COLLECTION SYSTEM,State Government,539733.0,2026.0,21,953499.8,2026-01-12 18:00:00,2026-08-18 15:30:00
PR0023736,001,PRASA AGUADILLA WWTP COLLECTION SYSTEM,State Government,76800.0,2025.0,14,281000.0,2025-08-21 13:50:00,2025-12-19 22:10:00
PR0023736,001,PRASA AGUADILLA WWTP COLLECTION SYSTEM,State Government,76800.0,2026.0,33,697250.0,2026-01-13 21:45:00,2026-08-31 21:00:00
PR0023744,001,PRASA CAMUY-HATILLO WWTP COLLECTION SYSTEM,State Government,21333.0,2025.0,20,1112800.0,2025-08-22 04:42:00,2025-12-29 16:00:00
PR0023744,001,PRASA CAMUY-HATILLO WWTP COLLECTION SYSTEM,State Government,21333.0,2026.0,23,655314.2,2026-01-20 14:05:00,2026-09-09 15:45:00
PR0023744,,,,,2025.0,2,77451097.8,2025-07-16 20:00:00,2026-04-11 18:00:00
PR0023752,001,PRASA CAROLINA WWTP COLLECTION SYSTEM,State Government,243680.0,2025.0,23,824900.0,2025-08-08 12:30:00,2025-10-23 13:36:00
PR0023752,001,PRASA CAROLINA WWTP COLLECTION SYSTEM,State Government,243680.0,2026.0,35,2198770.0,2026-01-07 13:45:00,2026-09-08 13:45:00
PR0023761,001,PRASA SANTA ISABEL WWTP COLLECTION SYSTEM,State Government,26103.0,2025.0,1,1800.0,2025-10-12 13:00:00,2025-10-12 13:06:00
PR0023761,001,PRASA SANTA ISABEL WWTP COLLECTION SYSTEM,State Government,26103.0,2026.0,7,60800.0,2026-03-03 12:30:00,2026-04-06 08:40:00
PR0023795,001,PRASA MAYAGUEZ   WWTP COLLECTION SYSTEM,State Government,207655.0,2025.0,36,1932700.0,2025-08-07 19:00:00,2025-12-03 23:15:00
PR0023795,001,PRASA MAYAGUEZ   WWTP COLLECTION SYSTEM,State Government,207655.0,2026.0,38,1646675.0,2026-01-05 15:40:00,2026-09-07 21:00:00
PR0024902,001,PRASA UNIBON WWTP COLLECTION SYSTEM,State Government,2220.0,2025.0,1,58500.0,2025-12-03 15:00:00,2025-12-03 18:15:00
PR0024902,,,,,2025.0,2,290000.0,2025-09-15 12:30:00,2026-02-13 12:30:00
PR0025356,001,PRASA CAYEY WWTP COLLECTION SYSTEM,State Government,35019.0,2025.0,9,502500.0,2025-09-01 14:20:00,2025-12-31 12:30:00
PR0025356,001,PRASA CAYEY WWTP COLLECTION SYSTEM,State Government,35019.0,2026.0,9,84600.0,2026-03-10 13:15:00,2026-09-06 21:55:00
PR0025399,001,PRASA HUMACAO WWTP COLLECTION SYSTEM,State Government,60960.0,2025.0,10,1366500.0,2025-08-01 15:35:00,2025-12-17 14:00:00
PR0025399,001,PRASA HUMACAO WWTP COLLECTION SYSTEM,State Government,60960.0,2026.0,40,1434600.0,2026-01-12 19:00:00,2026-09-08 21:00:00
PR0025445,001,PRASA GUAYAMA WWTP COLLECTION SYSTEM,State Government,78691.0,2025.0,4,162900.0,2025-10-07 14:20:00,2025-12-18 21:00:00
PR0025445,001,PRASA GUAYAMA WWTP COLLECTION SYSTEM,State Government,78691.0,2026.0,5,18050.0,2026-02-11 19:00:00,2026-08-17 14:15:00
PR0025445,,,,,,2,0.0,,
PR0025453,001,PRASA VIEQUES WWTP COLLECTION SYSTEM,State Government,3133.0,2025.0,7,8137500.0,2025-08-22 13:30:00,2025-09-26 18:30:00
PR0025453,001,PRASA VIEQUES WWTP COLLECTION SYSTEM,State Government,3133.0,2026.0,3,789600.0,2026-03-10 14:30:00,2026-04-09 10:50:00
PR0025453,,,,,2026.0,2,1900500.0,2026-02-04 07:20:00,2026-08-05 12:30:00
PR0025658,001,PRASA COMERIO WWTP COLLECTION SYSTEM,State Government,4900.0,2025.0,4,531000.0,2025-10-01 14:30:00,2025-11-29 10:30:00
PR0025658,001,PRASA COMERIO WWTP COLLECTION SYSTEM,State Government,4900.0,2026.0,3,82500.0,2026-03-11 15:00:00,2026-09-05 19:36:00
PR0025879,001,PRASA LARES WWTP COLLECTION SYSTEM,State Government,8160.0,2025.0,4,578650.0,2025-08-15 10:36:00,2025-12-16 12:00:00
PR0025879,001,PRASA LARES WWTP COLLECTION SYSTEM,State Government,8160.0,2026.0,6,1815000.0,2026-05-28 21:00:00,2026-09-07 22:00:00
PR0025976,001,PRASA CAGUAS  WWTP COLLECTION SYSTEM,State Government,145687.0,2025.0,19,864000.0,2025-08-13 12:50:00,2025-12-18 08:44:00
PR0025976,001,PRASA CAGUAS  WWTP COLLECTION SYSTEM,State Government,145687.0,2026.0,21,1947000.0,2026-01-07 20:30:00,2026-08-21 14:30:00
PR0025976,,,,,2025.0,18,12973700.0,2025-09-01 20:35:00,2025-12-24 15:00:00
PR0025976,,,,,2026.0,7,3702800.0,2026-01-05 03:00:00,2026-01-27 04:40:00
PR0026484,001,PRASA FAJARDO NUEVA WWTP COLLECTION SYSTEM,State Government,71882.0,2025.0,24,3848400.0,2025-08-09 17:40:00,2025-12-03 07:03:00
PR0026484,001,PRASA FAJARDO NUEVA WWTP COLLECTION SYSTEM,State Government,71882.0,2026.0,58,9383100.0,2026-01-23 12:15:00,2026-09-11 12:45:00
PR0026531,001,PRASA JAYUYA NUEVA WWTP COLLECTION SYSTEM,State Government,9853.0,2025.0,4,1204100.0,2025-08-18 12:30:00,2025-09-10 12:30:00
PR0026531,001,PRASA JAYUYA NUEVA WWTP COLLECTION SYSTEM,State Government,9853.0,2026.0,5,1539100.0,2026-02-02 12:30:00,2026-07-28 20:20:00
PR0026531,,,,,2026.0,2,1201509.4,2026-02-27 12:30:00,2026-06-30 14:00:00
PR0026549,001,PRASA - CULEBRA WWTP COLLECTION SYSTEM,State Government,1081.0,2025.0,1,715500.0,2025-10-19 01:15:00,2025-10-20 17:00:00
PR0026549,001,PRASA - CULEBRA WWTP COLLECTION SYSTEM,State Government,1081.0,2026.0,4,672000.0,2026-06-04 22:00:00,2026-07-13 13:00:00
PR0026603,001,PRASA UTUADO NEW WWTP COLLECTION SYSTEM,State Government,14144.0,2025.0,3,45000.0,2025-09-02 16:00:00,
PR0026603,,,,,2025.0,1,292500.0,2025-09-06 12:30:00,2025-09-08 17:00:00
RI0100005,,,,,,1,0.0,,
RI0100030,,,,,2024.0,1,10.0,2024-12-17 11:00:00,2024-12-17 11:00:00
RI0100030,,,,,2025.0,2,32623.0,2025-02-02 06:30:00,2025-10-07 03:00:00
RI0100030,,,,,2026.0,2,35669.0,2026-03-17 07:20:00,2026-03-17 15:13:00
RI0100048,,,,,2024.0,4,174000.0,2024-03-10 08:00:00,2024-04-04 17:00:00
RI0100056,,,,,2025.0,1,66000.0,2025-05-08 16:20:00,2025-05-08 17:40:00
RI0100064,,,,,2024.0,7,7673700.0,2024-03-07 00:30:00,2024-06-06 12:36:00
RI0100072,,,,,2024.0,3,2285.0,2024-02-14 14:00:00,2024-12-30 22:00:00
RI0100072,,,,,2025.0,1,0.0,2025-04-28 05:00:00,2025-04-28 11:30:00
RI0100072,,,,,2026.0,1,11100000.0,2026-03-24 01:45:00,2026-03-24 03:45:00
RI0100111,,,,,2025.0,3,1875200.0,2025-01-01 17:03:00,2025-07-01 17:58:00
RI0100129,,,,,2026.0,1,231280.0,2026-03-14 04:00:00,2026-03-16 21:15:00
RI0100153,,,,,2025.0,1,1346416.7,2025-05-02 12:20:00,2025-05-02 17:22:00
RI0100153,,,,,2026.0,2,2948333.3,2026-03-13 08:25:00,2026-04-10 12:45:00
RI0100293,,,,,2024.0,1,1134900.0,2024-02-11 15:30:00,2024-02-11 19:24:00
RI0100293,,,,,2025.0,1,157.0,2025-08-29 16:30:00,2025-08-29 19:07:00
RI0100293,,,,,2026.0,1,83456.0,2026-03-06 05:00:00,2026-03-06 05:10:00
RI0100315,,,,,2025.0,1,100.0,2025-02-06 04:00:00,2025-02-06 05:00:00
RI0100374,,,,,,1,0.0,,
RISS00005,001,TOWN OF JOHNSTON WWCS,Municipality,15900.0,2024.0,2,1350.0,2024-06-01 11:00:00,2024-10-02 16:40:00
RISS00005,001,TOWN OF JOHNSTON WWCS,Municipality,15900.0,2025.0,6,1930.0,2025-05-20 15:00:00,2025-08-09 18:31:00
RISS00005,001,TOWN OF JOHNSTON WWCS,Municipality,15900.0,2026.0,6,3850.0,2026-02-08 15:30:00,2026-09-05 17:01:00
RISS00006,001,TOWN OF LINCOLN WWCS,Municipality,9400.0,2025.0,1,40.0,2025-05-29 17:31:00,2025-05-29 20:00:00
RISS00006,001,TOWN OF LINCOLN WWCS,Municipality,9400.0,2026.0,2,800.0,2026-04-13 17:11:00,2026-07-12 13:45:00
RISS00007,001,TOWN OF MIDDLETOWN WWCS,Municipality,5200.0,2024.0,5,25784.2,2024-03-10 04:08:00,2024-05-16 10:30:00
RISS00007,001,TOWN OF MIDDLETOWN WWCS,Municipality,5200.0,2025.0,4,22517.2,2025-05-15 13:25:00,2025-09-16 22:30:00
RISS00007,001,TOWN OF MIDDLETOWN WWCS,Municipality,5200.0,2026.0,1,60840.0,2026-03-06 18:00:00,2026-03-06 19:45:00
RISS00008,001,TOWN OF NORTH KINGSTOWN WWCS,Municipality,1532.0,2026.0,1,60.0,2026-01-23 15:00:00,2026-01-23 17:30:00
RISS00009,001,TOWN OF NORTH PROVIDENCE WWCS,Municipality,32100.0,2024.0,4,141.6,2024-03-09 08:45:00,2024-03-29 19:00:00
RISS00009,001,TOWN OF NORTH PROVIDENCE WWCS,Municipality,32100.0,2026.0,7,150.0,2026-05-07 03:20:00,2026-09-11 11:00:00
RISS00009,,,,,,1,0.0,,
RISS00011,001,CITY OF PAWTUCKET WWCS,Municipality,72600.0,2024.0,8,160000.0,2024-05-23 11:00:00,2024-12-11 14:00:00
RISS00011,001,CITY OF PAWTUCKET WWCS,Municipality,72600.0,2026.0,1,14000.0,2026-07-21 22:00:00,2026-07-21 22:10:00
RISS00011,,,,,,1,0.0,,
RISS00012,001,CITY OF PROVIDENCE WWCS,Municipality,178000.0,2024.0,3,2.0,2024-10-07 08:00:00,2024-11-25 16:25:00
RISS00012,001,CITY OF PROVIDENCE WWCS,Municipality,178000.0,2025.0,10,4.0,2025-02-13 12:20:00,2025-11-29 15:00:00
RISS00012,001,CITY OF PROVIDENCE WWCS,Municipality,178000.0,2026.0,1,0.0,2026-01-05 18:30:00,2026-01-05 19:45:00
RISS00013,001,NAVAL STATION NEWPORT WWCS,Federal Facility (U.S. Government),10000.0,2024.0,1,50.0,2024-07-31 08:40:00,2024-07-31 09:40:00
RISS00013,001,NAVAL STATION NEWPORT WWCS,Federal Facility (U.S. Government),10000.0,2025.0,1,480.0,2025-04-11 21:00:00,2025-04-11 23:00:00
RISS00013,001,NAVAL STATION NEWPORT WWCS,Federal Facility (U.S. Government),10000.0,2026.0,3,8870.0,2026-03-19 15:30:00,2026-07-20 21:00:00
RISS00016,001,Pastore Complex WWCS,State Government,2500.0,2026.0,1,200000.0,2026-03-21 12:00:00,2026-03-21 18:00:00
RISS00018,001,Bristol Sanitary Sewer System,Municipality,21100.0,2024.0,9,12103.0,2024-02-12 18:00:00,2024-07-08 13:01:00
RISS00018,001,Bristol Sanitary Sewer System,Municipality,21100.0,2025.0,1,80.0,2025-03-10 14:00:00,2025-03-10 15:15:00
RISS00018,001,Bristol Sanitary Sewer System,Municipality,21100.0,2026.0,5,36768.0,2026-01-28 19:30:00,2026-04-24 17:30:00
RISS00018,,,,,,1,0.0,,
RISS00019,001,Cranston Sanitary Sewer System,Municipality,73400.0,2024.0,4,224654.0,2024-02-17 09:00:00,2024-06-17 07:00:00
RISS00019,001,Cranston Sanitary Sewer System,Municipality,73400.0,2025.0,2,400.4,2025-02-09 20:50:00,2025-02-09 23:59:00
RISS00019,001,Cranston Sanitary Sewer System,Municipality,73400.0,2026.0,2,22120.0,2026-03-19 12:30:00,2026-08-12 16:35:00
RISS00019,,,,,,1,0.0,,
RISS00020,001,East Greenwich Sanitary Sewer System,Municipality,6020.0,2024.0,1,20.0,2024-05-24 13:30:00,2024-05-24 16:00:00
RISS00020,001,East Greenwich Sanitary Sewer System,Municipality,6020.0,2025.0,1,4.0,2025-10-11 17:00:00,2025-10-11 23:00:00
RISS00020,001,East Greenwich Sanitary Sewer System,Municipality,6020.0,2026.0,1,2.0,2026-07-13 15:30:00,2026-07-13 18:30:00
RISS00021,001,East Providence Sanitary Sewer System,Municipality,55000.0,2024.0,21,673.4,2024-02-20 12:40:00,2024-12-27 00:45:00
RISS00021,001,East Providence Sanitary Sewer System,Municipality,55000.0,2025.0,21,234.8,2025-01-25 07:18:00,2025-12-22 15:05:00
RISS00021,001,East Providence Sanitary Sewer System,Municipality,55000.0,2026.0,16,3201534.0,2026-01-17 15:45:00,2026-07-24 01:30:00
RISS00024,001,NBC Bucklin Combined Sewer System,Corporation,120000.0,2025.0,3,25548.0,2025-02-08 07:55:00,2025-02-09 00:10:00
RISS00024,001,NBC Bucklin Combined Sewer System,Corporation,120000.0,2026.0,1,220826.0,2026-08-18 03:02:00,2026-08-18 04:30:00
RISS00025,001,Woonsocket Sanitary Sewer System,Municipality,51400.0,2024.0,1,200.0,2024-10-22 16:09:00,2024-10-22 17:00:00
RISS00025,001,Woonsocket Sanitary Sewer System,Municipality,51400.0,2025.0,3,3622.0,2025-05-06 15:23:00,2025-09-08 00:30:00
RISS00025,001,Woonsocket Sanitary Sewer System,Municipality,51400.0,2026.0,2,30260.8,2026-01-15 19:50:00,2026-02-14 19:30:00
RISS00025,001,Woonsocket Sanitary Sewer System,Municipality,53000.0,2024.0,1,100.0,2024-10-22 16:09:00,2024-10-22 17:00:00
RISS00025,001,Woonsocket Sanitary Sewer System,Municipality,53000.0,2025.0,3,1811.0,2025-05-06 15:23:00,2025-09-08 00:30:00
RISS00025,001,Woonsocket Sanitary Sewer System,Municipality,53000.0,2026.0,2,15130.4,2026-01-15 19:50:00,2026-02-14 19:30:00
RISS00026,001,West Warwick Sanitary Sewer System,Municipality,31600.0,2024.0,3,556600.0,2024-03-10 11:35:00,2024-05-16 09:21:00
RISS00026,001,West Warwick Sanitary Sewer System,Municipality,31600.0,2025.0,2,610.0,2025-03-14 18:30:00,2025-06-05 17:20:00
RISS00026,001,West Warwick Sanitary Sewer System,Municipality,31600.0,2026.0,3,32373.4,2026-03-23 14:00:00,2026-08-03 19:30:00
RISS00027,001,Narragansett Sanitary Sewer System,Municipality,20300.0,2024.0,1,2.0,2024-08-25 14:00:00,2024-08-25 14:40:00
RISS00027,,,,,,1,0.0,,
RISS00029,001,Warwick Sanitary Sewer System,Municipality,61130.0,2024.0,14,71980.0,2024-03-12 09:07:00,2024-12-21 15:00:00
RISS00029,001,Warwick Sanitary Sewer System,Municipality,61130.0,2025.0,10,13250.0,2025-01-27 20:15:00,2025-11-12 18:40:00
RISS00029,001,Warwick Sanitary Sewer System,Municipality,61130.0,2026.0,9,7244.0,2026-03-02 23:46:00,2026-07-20 17:32:00
RISS00030,001,Smithfield Sanitary Sewer System,Municipality,14150.0,2024.0,1,4.0,2024-07-31 03:25:00,2024-07-31 04:29:00
RISS00030,001,Smithfield Sanitary Sewer System,Municipality,14150.0,2025.0,1,7500.0,2025-04-29 14:00:00,2025-04-29 15:30:00
RISS00030,001,Smithfield Sanitary Sewer System,Municipality,14150.0,2026.0,1,2.0,2026-03-04 22:41:00,2026-03-06 23:30:00
RISS00031,001,Newport Combined Sewer System,Municipality,41600.0,2024.0,10,9668.0,2024-02-11 13:30:00,2024-12-05 19:30:00
RISS00031,001,Newport Combined Sewer System,Municipality,41600.0,2025.0,2,10.0,2025-09-05 13:00:00,2025-12-23 18:50:00
RISS00032,001,NBC-Field's Point Combined Sewer System,Corporation,226000.0,2024.0,1,10.0,2024-03-16 16:00:00,2024-03-16 16:30:00
RISS00032,001,NBC-Field's Point Combined Sewer System,Corporation,226000.0,2025.0,1,12066.0,2025-07-28 02:15:00,2025-07-29 14:00:00
RISS00034,001,South Kingstown Sanitary Sewer System,Municipality,29400.0,2024.0,1,1520.0,2024-10-10 06:55:00,2024-10-10 10:05:00
RISS00036,001,Burrillville Sanitary Sewer System,Municipality,9700.0,2024.0,1,3640.0,2024-12-12 17:00:00,2024-12-13 07:00:00
RISS00036,001,Burrillville Sanitary Sewer System,Municipality,9700.0,2026.0,2,3130.0,2026-04-30 21:00:00,2026-05-13 16:00:00
RISS00037,001,TIVERTON SANITARY SEWER SYSTEM,Municipality,1302.0,2025.0,2,8.0,2025-04-26 21:40:00,2025-04-26 23:15:00
RISS00037,001,TIVERTON SANITARY SEWER SYSTEM,Municipality,1302.0,2026.0,1,2000.0,2026-05-21 17:22:00,2026-05-21 20:20:00
SD0020010,001,"Madison, City of SSCS",Municipality,6474.0,2025.0,2,16.0,2025-01-09 08:00:00,2025-01-09 19:00:00
SD0020044,001,"Spearfish, City of SSCS",Municipality,11000.0,2024.0,3,150000.0,2024-07-02 10:00:00,2024-07-02 18:00:00
SD0020044,001,"Spearfish, City of SSCS",Municipality,11000.0,2025.0,1,100.0,2025-05-05 01:30:00,2025-05-05 13:00:00
SD0020044,001,"Spearfish, City of SSCS",Municipality,11000.0,2026.0,7,170450.0,2026-01-29 20:30:00,2026-09-09 18:00:00
SD0020044,,,,,,1,0.0,,
SD0020052,001,"Sturgis, City of SSCS",Municipality,6741.0,2024.0,1,2.0,2024-11-13 08:50:00,2024-11-13 18:00:00
SD0020052,001,"Sturgis, City of SSCS",Municipality,6741.0,2025.0,1,20.0,2025-06-04 13:45:00,2025-06-04 13:50:00
SD0020061,,,,,2024.0,3,1072850.0,2024-06-23 07:50:00,2024-09-07 12:24:00
SD0020176,001,"Pierre, City of SSCS",Municipality,13646.0,2023.0,8,510.0,2023-04-23 12:48:00,2023-09-22 09:45:00
SD0020176,001,"Pierre, City of SSCS",Municipality,13646.0,2024.0,4,540.0,2024-01-14 06:10:00,2024-11-01 10:15:00
SD0020176,001,"Pierre, City of SSCS",Municipality,13646.0,2025.0,1,100.0,2025-08-26 14:45:00,2025-08-26 15:00:00
SD0020176,001,"Pierre, City of SSCS",Municipality,13646.0,2026.0,1,990000.0,2026-03-26 14:30:00,2026-03-26 20:00:00
SD0020176,,,,,2025.0,1,50.0,2025-08-26 15:45:00,2025-08-26 21:00:00
SD0020176,,,,,2026.0,2,100001.0,2026-03-24 11:00:00,2026-03-25 20:45:00
SD0020354,,,,,2024.0,1,2916000.0,2024-03-04 09:00:00,2024-03-14 13:00:00
SD0020460,001,"Wessington Springs, City of SSCS",Municipality,956.0,2025.0,1,4800.0,2025-08-11 13:00:00,2025-08-11 17:00:00
SD0020567,001,"North Sioux City, City of SSCS",Municipality,1832.0,2024.0,1,889200.0,2024-06-23 14:00:00,2024-07-03 21:00:00
SD0020702,001,"Aberdeen, City of SSCS",Municipality,26091.0,2023.0,1,4.0,2023-12-28 12:00:00,2023-12-28 12:20:00
SD0020702,001,"Aberdeen, City of SSCS",Municipality,26091.0,2024.0,6,12086.0,2024-04-23 13:30:00,2024-12-30 09:30:00
SD0020702,001,"Aberdeen, City of SSCS",Municipality,26091.0,2025.0,4,144.0,2025-02-14 13:00:00,2025-12-30 13:30:00
SD0020702,001,"Aberdeen, City of SSCS",Municipality,26091.0,2026.0,1,60.0,2026-06-25 22:00:00,2026-06-25 22:30:00
SD0020702,,,,,2026.0,1,2803820400.0,2026-03-23 13:00:00,2028-06-01 13:00:00
SD0020753,001,"Arlington, City of SSCS",Municipality,915.0,2025.0,1,264000.0,2025-08-06 11:00:00,2025-08-06 22:00:00
SD0020761,,,,,,1,0.0,,
SD0020826,001,"Sisseton, City of SSCS",Municipality,2470.0,2024.0,1,140.0,2024-05-03 16:45:00,2024-05-03 18:00:00
SD0020931,001,"New Effington, Town of SSCS",Municipality,256.0,2024.0,1,168000.0,2024-06-03 01:00:00,2024-06-10 10:00:00
SD0020966,001,"Salem, City of SSCS",Municipality,1347.0,2024.0,2,6006000.0,2024-06-21 03:00:00,2024-06-24 13:30:00
SD0021474,,,,,2024.0,1,0.0,2024-06-23 00:30:00,2024-06-28 12:30:00
SD0021474,,,,,2026.0,1,26640.0,2026-05-07 00:00:00,2026-05-08 13:00:00
SD0021547,001,"Conde, Town of SSCS",Municipality,140.0,2026.0,1,2520.0,2026-08-25 19:00:00,2026-08-26 16:00:00
SD0021610,001,USNPS - Mt. Rushmore National Memorial SSCS,Federal Facility (U.S. Government),170.0,2024.0,1,2000.0,2024-03-15 12:00:00,2024-03-15 13:00:00
SD0021750,001,"Hartford, City of SSCS",Municipality,2534.0,2024.0,1,10000.0,2024-06-21 13:30:00,2024-06-21 16:30:00
SD0021750,001,"Hartford, City of SSCS",Municipality,2534.0,2025.0,2,4000.0,2025-01-10 11:00:00,2025-01-10 14:15:00
SD0021768,,,,,,1,0.0,,
SD0022128,001,"Sioux Falls, City of SSCS",Municipality,178500.0,2023.0,3,114553.4,2023-07-05 17:00:00,2023-07-26 14:23:00
SD0022128,001,"Sioux Falls, City of SSCS",Municipality,178500.0,2024.0,7,64020.0,2024-02-28 13:50:00,2024-10-14 10:45:00
SD0022128,001,"Sioux Falls, City of SSCS",Municipality,178500.0,2025.0,4,262200.0,2025-02-27 09:00:00,2025-08-12 22:50:00
SD0022128,001,"Sioux Falls, City of SSCS",Municipality,178500.0,2026.0,2,2170.0,2026-07-02 02:00:00,2026-08-11 23:23:00
SD0022128,,,,,2024.0,1,16.7,2024-08-30 07:46:00,2024-08-30 08:02:00
SD0022128,,,,,2026.0,1,2740000.0,2026-05-30 14:30:00,2026-05-30 18:20:00
SD0022128,,,,,,1,0.0,,
SD0022144,001,"Estelline, City of SSCS",Municipality,768.0,2025.0,4,400000.0,2025-01-29 05:00:00,2025-02-13 17:00:00
SD0022187,001,"Groton, City of SSCS",Municipality,1458.0,2026.0,4,2468000.0,2026-07-08 06:00:00,2026-08-04 19:00:00
SD0022403,001,"Tripp, City of SSCS",Municipality,647.0,2024.0,1,9784800.0,2024-06-21 08:00:00,2024-06-28 21:00:00
SD0022489,001,"Canton, City of SSCS",Municipality,3057.0,2025.0,1,1000.0,2025-10-01 16:31:00,2025-10-01 16:50:00
SD0022489,,,,,,2,0.0,,
SD0022519,,,,,,1,0.0,,
SD0022535,001,"Brandon, City of SSCS",Municipality,8785.0,2024.0,1,12000.0,2024-11-28 13:00:00,2024-11-29 08:30:00
SD0022535,,,,,,1,0.0,,
SD0022551,001,"Colman, City of SSCS",Municipality,594.0,2025.0,1,20000.0,2025-07-10 03:30:00,2025-07-10 13:15:00
SD0022853,001,"Scotland, City of SSCS",Municipality,841.0,2024.0,1,3.4,2024-06-21 10:00:00,2024-07-03 17:00:00
SD0022918,001,"Hot Springs, City of SSCS",Municipality,3711.0,2023.0,1,9.4,2023-12-10 10:25:00,2023-12-10 11:05:00
SD0022918,001,"Hot Springs, City of SSCS",Municipality,3711.0,2024.0,9,8600.0,2024-05-30 13:15:00,2024-11-19 10:45:00
SD0022918,001,"Hot Springs, City of SSCS",Municipality,3711.0,2025.0,6,12800.0,2025-01-27 05:30:00,2025-06-17 20:30:00
SD0022918,001,"Hot Springs, City of SSCS",Municipality,3711.0,2026.0,2,5200.0,2026-05-06 10:00:00,2026-09-03 20:25:00
SD0022918,,,,,2024.0,1,1600000.0,2024-12-17 03:20:00,2024-12-20 09:00:00
SD0022918,,,,,2025.0,3,3740215.8,2025-01-14 02:00:00,2025-09-26 21:00:00
SD0022918,,,,,2026.0,1,53000.0,2026-04-30 10:30:00,2026-05-01 17:00:00
SD0023281,001,"Custer, City of SSCS",Municipality,2500.0,2025.0,2,600.0,2025-01-22 08:45:00,2025-01-22 11:37:00
SD0023361,001,"Mitchell, City of SSCS",Municipality,24440.0,2025.0,5,2553.4,2025-04-18 16:00:00,2025-09-30 16:40:00
SD0023361,,,,,2025.0,3,3241550.4,2025-11-20 10:00:00,2026-06-16 15:00:00
SD0023361,,,,,2026.0,1,1300000.0,2026-03-20 18:15:00,2026-07-20 18:30:00
SD0023361,,,,,,3,0.0,,
SD0023370,001,"Watertown, City of SSCS",Municipality,21482.0,2023.0,2,4200.0,2023-04-20 13:05:00,2023-07-26 12:42:00
SD0023370,001,"Watertown, City of SSCS",Municipality,21482.0,2024.0,4,670.0,2024-01-25 14:38:00,2024-09-19 18:35:00
SD0023370,001,"Watertown, City of SSCS",Municipality,21482.0,2026.0,4,150.0,2026-07-14 21:25:00,2026-07-19 19:35:00
SD0023388,,,,,,1,0.0,,
SD0023396,,,,,2025.0,2,510000.0,2025-09-21 14:00:00,2025-11-16 18:00:00
SD0023396,,,,,2026.0,2,1524000.0,2026-01-29 14:00:00,2026-04-24 08:26:00
SD0023434,001,"Huron, City of SSCS",Municipality,12592.0,2025.0,2,38800.0,2025-03-26 10:00:00,2025-08-20 20:00:00
SD0023434,,,,,2024.0,2,44800.0,2024-09-05 08:00:00,2024-10-25 16:00:00
SD0023574,001,"Rapid City, City of SSCS",Municipality,67956.0,2023.0,8,127850.0,2023-05-25 17:00:00,2023-12-18 11:30:00
SD0023574,001,"Rapid City, City of SSCS",Municipality,67956.0,2024.0,6,265002.0,2024-04-15 06:45:00,2024-12-30 09:45:00
SD0023574,001,"Rapid City, City of SSCS",Municipality,67956.0,2025.0,7,1820.0,2025-05-12 16:00:00,2025-12-01 17:15:00
SD0023574,001,"Rapid City, City of SSCS",Municipality,67956.0,2026.0,2,950.0,2026-03-18 14:24:00,2026-03-26 14:00:00
SD0023574,,,,,2024.0,2,3931000.0,2024-03-22 13:00:00,2024-07-01 12:30:00
SD0023582,001,"Ft. Pierre, City of SSCS",Municipality,2078.0,2023.0,1,1000.0,2023-12-20 08:00:00,2023-12-20 12:00:00
SD0023582,001,"Ft. Pierre, City of SSCS",Municipality,2078.0,2024.0,1,3000.0,2024-05-15 21:30:00,2024-05-16 04:00:00
SD0023582,001,"Ft. Pierre, City of SSCS",Municipality,2078.0,2025.0,4,7240.0,2025-01-21 09:00:00,2025-03-18 21:00:00
SD0023698,001,"Chamberlain, City of SSCS",Municipality,2337.0,2026.0,3,25066.6,2026-07-27 22:30:00,2026-07-28 14:00:00
SD0026361,001,USCOE - BIG BEND DAM SSCS,Federal Facility (U.S. Government),40.0,2026.0,1,20000.0,2026-02-11 19:30:00,2026-02-11 20:00:00
SD0026778,001,Wall Lake Sanitary District SSCS,Municipality,200.0,2025.0,2,400.0,2025-01-28 06:57:00,2025-01-31 08:00:00
SD0026794,001,USCOE - OAHE DAM SSCS,Federal Facility (U.S. Government),40.0,2025.0,3,1002.0,2025-02-21 19:00:00,2025-08-26 18:30:00
SD0026999,001,Country Village    MHC SSCS,Privately Owned Facility,300.0,2023.0,1,80000.0,2023-08-30 18:00:00,2023-09-05 18:00:00
SD0027481,001,"Lead, City of - CSO SSCS",Municipality,3124.0,2026.0,5,24987212.0,2026-06-22 17:30:00,2026-08-19 23:45:00
SD0028615,,,,,2023.0,4,3410.3,2023-05-20 11:00:00,2023-12-31 14:00:00
SD0028620,,,,,2024.0,1,0.0,2024-09-09 07:00:00,
SD0028620,,,,,2026.0,2,0.0,2026-02-10 08:00:00,2026-02-10 08:00:00
SD0028620,,,,,,1,0.0,,
SDG820397,001,"Spencer, Town of SSCS",Municipality,154.0,2024.0,1,9408000.0,2024-06-20 23:30:00,2024-06-25 20:15:00
SDG820591,001,"Gary, City of SSCS",Municipality,227.0,2024.0,2,10374122.4,2024-01-24 11:00:00,2024-01-31 14:26:00
SDG821580,,,,,2026.0,2,100000.0,2026-07-08 14:00:00,2026-07-09 04:00:00
SDG821580,,,,,,1,0.0,,
SDG821598,001,"Florence, City of SSCS",Municipality,374.0,2026.0,1,400.0,2026-07-08 08:13:00,2026-07-08 09:50:00
SDG821679,001,"Willow Lake, City of SSCS",Municipality,263.0,2025.0,1,3384000.0,2025-09-18 13:00:00,2025-09-26 22:05:00
SDG821679,001,"Willow Lake, City of SSCS",Municipality,263.0,2026.0,2,2250400.0,2026-04-27 13:00:00,2026-06-12 22:00:00
SDG821679,,,,,,1,0.0,,
SDG822047,001,Sprinfield SSCS,Municipality,1914.0,2026.0,1,6000.0,2026-01-30 08:00:00,2026-01-30 08:30:00
SDG823663,001,"Big Stone City, City of SSCS",Municipality,467.0,2025.0,1,60.0,2025-12-18 15:30:00,2025-12-18 16:00:00
SDG826298,,,,,,1,0.0,,
SDG826743,001,"Ravinia, Town of SSCS",Municipality,61.0,2024.0,1,800.4,2024-05-22 09:35:00,2024-05-22 15:08:00
SDG921784,,,,,,1,0.0,,
SDG922705,001,"Langford, Town of SSCS",Municipality,313.0,2025.0,1,15639000.0,2025-08-14 06:30:00,2025-08-22 15:00:00
SDG922705,,,,,,1,0.0,,
TX0032735,001,BARRY ROSE WWTF SSCS,Municipality,123000.0,2023.0,1,37500.0,2023-10-26 15:28:00,2023-10-26 15:44:00
TX0032735,001,BARRY ROSE WWTF SSCS,Municipality,123000.0,2025.0,4,7160.0,2025-01-01 10:39:00,2025-04-21 19:10:00
TX0053074,001,,,,2026.0,1,750.0,2026-04-01 19:05:00,2026-04-01 19:45:00
TX0081264,001,,,,2026.0,1,12000.0,2026-02-09 12:00:00,2026-02-09 15:00:00
TX0117501,001,REFLECTION BAY WATER RECLAMATION FACILITY SSCS,Municipality,123000.0,2025.0,1,16000.0,2025-12-05 15:30:00,2025-12-05 15:45:00
TX0140848,001,,,,2026.0,1,800.0,2026-02-07 00:00:00,2026-02-07 00:30:00
UT0023639,001,Timpanogos SSD SSCS,Municipality,3598.0,2026.0,1,2000.0,2026-08-17 14:39:00,2026-08-17 14:49:00
VI0002003,001,Mangrove Lagoon Collection System,State Government,5129.0,2025.0,2,900.0,2025-09-14 14:15:00,2025-09-22 15:58:00
VI0002003,001,Mangrove Lagoon Collection System,State Government,5129.0,2026.0,1,550.0,2026-03-02 15:15:00,2026-03-02 16:10:00
VI0020036,001,Anguilla Wastewater Treatment Facility Collection ,State Government,41004.0,2024.0,1,40000.0,2024-11-18 07:00:00,2024-11-18 07:30:00
VI0020036,001,Anguilla Wastewater Treatment Facility Collection ,State Government,41004.0,2025.0,4,20150.0,2025-01-21 08:45:00,2025-09-05 12:30:00
VI0020036,,,,,,2,0.0,,
VI0020044,001,Red Point Wastewater Treatment Facility Collection,State Government,18753.0,2025.0,2,980.0,2025-09-25 16:41:00,2025-10-03 16:10:00
VI0020044,001,Red Point Wastewater Treatment Facility Collection,State Government,18753.0,2026.0,3,520.0,2026-02-26 23:00:00,2026-03-04 15:00:00
WA0021954,001,Joint Base Lewis-Mcchord Sanitary Sewer System,Federal Facility (U.S. Government),59150.0,2023.0,19,4460.0,2023-02-17 16:00:00,2023-12-12 15:09:00
WA0021954,001,Joint Base Lewis-Mcchord Sanitary Sewer System,Federal Facility (U.S. Government),59150.0,2024.0,8,7078.0,2024-01-23 07:00:00,2024-12-04 11:30:00
WA0021954,001,Joint Base Lewis-Mcchord Sanitary Sewer System,Federal Facility (U.S. Government),59150.0,2025.0,9,714.0,2025-01-18 11:10:00,2025-08-19 18:15:00
WA0021954,001,Joint Base Lewis-Mcchord Sanitary Sewer System,Federal Facility (U.S. Government),59150.0,2026.0,2,420.0,2026-02-01 20:00:00,2026-02-18 15:45:00
WA0021954,,,,,2023.0,1,70000.0,2023-11-03 17:35:00,2023-11-03 18:20:00
WA0037168,001,Puyallup Sanitary Sewer System,Municipality,5000.0,2025.0,1,20.0,2025-12-08 15:55:00,2025-12-08 16:45:00
WA0037168,001,Puyallup Sanitary Sewer System,Municipality,5000.0,2026.0,2,1208.0,2026-02-05 13:20:00,2026-09-02 14:00:00
